College ID,Title,Territory,Vizag / Vijayawada,College Code,Country,Zone Id,State,State Code,Region Id,College Category,Reg College ID
669f5b6065c25cabe105781d,"A J Institute of Medical Sciences & Research Centre, Mangalore",,,,IN,,Karnataka,KA,,ug,669f5b6065c25cabe105781d
669f5b6165c25cabe105781e,"Aarupadai Veedu Medical College, Pondicherry",,,,IN,,Pondicherry,PY,,ug,669f5b6165c25cabe105781e
669f5b6265c25cabe105781f,"Acharya Shri Chander College of Medical Sciences, Jammu",,,,IN,,Jammu and Kashmir,JK,,ug,669f5b6265c25cabe105781f
669f5b6365c25cabe1057820,"ACPM Medical College, Dhule",,,,IN,,Maharashtra,MH,,ug,669f5b6365c25cabe1057820
669f5b6365c25cabe1057821,"ACS Medical College and Hospital, Chennai",,,,IN,,Tamil Nadu,TN,,ug,669f5b6365c25cabe1057821
669f5b6465c25cabe1057822,ACSR Government Medical College Nellore,,,,IN,,Andhra Pradesh,AP,,ug,669f5b6465c25cabe1057822
669f5b6565c25cabe1057823,"Adesh Institute of Medical Sciences & Research, Bhatinda",,,,IN,,Punjab,PB,,ug,669f5b6565c25cabe1057823
669f5b6565c25cabe1057824,"Adesh Medical College and Hospital, Shahabad, Kurukshetra, Haryana",,,,IN,,Haryana,HR,,ug,669f5b6565c25cabe1057824
669f5b6665c25cabe1057825,Adichunchanagiri Institute of Medical Sciences Bellur,,,,IN,,Karnataka,KA,,ug,669f5b6665c25cabe1057825
669f5b6765c25cabe1057826,"Agartala Government Medical College,Agartala",,,,IN,,Tripura,TR,,ug,669f5b6765c25cabe1057826
669f5b6765c25cabe1057827,"Ahmedabad Municipal Coporation Medical Education Trust Medical College, Ahmedabad",,,,IN,,Gujarat,GJ,,ug,669f5b6765c25cabe1057827
669f5b6865c25cabe1057828,"Akash Institute of Medical Sciences & Research Centre, Devanhalli, Bangalore, Karnataka",,,,IN,,Karnataka,KA,,ug,669f5b6865c25cabe1057828
669f5b6965c25cabe1057829,"Al Falah School of Medical Sciences & Research Centre, Faridabad",,,,IN,,Haryana,HR,,ug,669f5b6965c25cabe1057829
669f5b6965c25cabe105782a,"Al-Ameen Medical College,Bijapur",,,,IN,,Karnataka,KA,,ug,669f5b6965c25cabe105782a
669f5b6a65c25cabe105782b,"Al-Azhar Medical College and Super Speciality Hospital, Thodupuzha",,,,IN,,Kerala,KL,,ug,669f5b6a65c25cabe105782b
669f5b6b65c25cabe105782c,"All India Institute of Medical Sciences, Bhatinda",,,,IN,,Punjab,PB,,ug,669f5b6b65c25cabe105782c
669f5b6e65c25cabe105782d,"All India Institute of Medical Sciences, Bhopal",,,,IN,,Madhya Pradesh,MP,,ug,669f5b6e65c25cabe105782d
669f5b6f65c25cabe105782e,"All India Institute of Medical Sciences, Bhubaneswar",,,,IN,,Odisha,OD,,ug,669f5b6f65c25cabe105782e
669f5b7065c25cabe105782f,"All India Institute of Medical Sciences, Bibinagar",,,,IN,,Telangana,TS,,ug,669f5b7065c25cabe105782f
669f5b7165c25cabe1057830,"All India Institute of Medical Sciences, Bilaspur",,,,IN,,Himachal Pradesh,HP,,ug,669f5b7165c25cabe1057830
669f5b7265c25cabe1057831,"All India Institute of Medical Sciences, Deoghar",,,,IN,,Jharkhand,JH,,ug,669f5b7265c25cabe1057831
669f5b7265c25cabe1057832,"All India Institute of Medical Sciences, Gorakhpur",,,,IN,,Uttar Pradesh,UP,,ug,669f5b7265c25cabe1057832
669f5b7365c25cabe1057833,"All India Institute of Medical Sciences, Guwahati",,,,IN,,Assam,AS,,ug,669f5b7365c25cabe1057833
669f5b7365c25cabe1057834,"All India Institute of Medical Sciences, Jodhpur",,,,IN,,Rajasthan,RJ,,ug,669f5b7365c25cabe1057834
669f5b7465c25cabe1057835,"All India Institute of Medical Sciences, Kalyani, Nadia",,,,IN,,West Bengal,WB,,ug,669f5b7465c25cabe1057835
669f5b7465c25cabe1057836,"All India Institute of Medical Sciences, Madurai",,,,IN,,Tamil Nadu,TN,,ug,669f5b7465c25cabe1057836
669f5b7565c25cabe1057837,"All India Institute of Medical Sciences, Mangalagiri, Vijayawada",Indra,Y,,IN,,Andhra Pradesh,AP,,ug,669f5b7565c25cabe1057837
669f5b7565c25cabe1057838,"All India Institute of Medical Sciences, Nagpur",,,,IN,,Maharashtra,MH,,ug,669f5b7565c25cabe1057838
669f5b7665c25cabe1057839,"All India Institute of Medical Sciences, New Delhi",,,,IN,,Delhi,DL,,ug,669f5b7665c25cabe1057839
669f5b877004b579f4304d85,"All India Institute of Medical Sciences, Patna",,,,IN,,Bihar,BR,,ug,669f5b877004b579f4304d85
669f5b877004b579f4304d86,"All India Institute of Medical Sciences, Rae Bareli",,,,IN,,Uttar Pradesh,UP,,ug,669f5b877004b579f4304d86
669f5b877004b579f4304d87,"All India Institute of Medical Sciences, Raipur",,,,IN,,Chattisgarh,CG,,ug,669f5b877004b579f4304d87
669f5b877004b579f4304d88,"All India Institute of Medical Sciences, Rajkot",,,,IN,,Gujarat,GJ,,ug,669f5b877004b579f4304d88
669f5b877004b579f4304d89,"All India Institute of Medical Sciences, Rishikesh",,,,IN,,Uttarakhand,UK,,ug,669f5b877004b579f4304d89
669f5b877004b579f4304d8a,"All India Institute of Medical Sciences, Vijaypur",,,,IN,,Jammu and Kashmir,JK,,ug,669f5b877004b579f4304d8a
669f5b877004b579f4304d8b,"Alluri Sitaram Raju Academy of Medical Sciences, Eluru",Surendra,Y,,IN,,Andhra Pradesh,AP,,ug,669f5b877004b579f4304d8b
669f5b877004b579f4304d8c,"Amala Institute of Medical Sciences, Thrissur",,,,IN,,Kerala,KL,,ug,669f5b877004b579f4304d8c
669f5b877004b579f4304d8d,"Amaltas Institute of Medical Sciences, Dewas",,,,IN,,Madhya Pradesh,MP,,ug,669f5b877004b579f4304d8d
669f5b877004b579f4304d8e,"American International Institute of Medical Sciences, Bedwas",,,,IN,,Rajasthan,RJ,,ug,669f5b877004b579f4304d8e
669f5b877004b579f4304d8f,"Amrita School of Medicine, Elamkara, Kochi",,,,IN,,Kerala,KL,,ug,669f5b877004b579f4304d8f
669f5b877004b579f4304d90,"Ananta Institute of Medical Sciences & Research Centre, Rajsamand",,,,IN,,Rajasthan,RJ,,ug,669f5b877004b579f4304d90
669f5b877004b579f4304d91,"Andaman & Nicobar Islands Institute of Medical Sciences, Port Blair",,,,IN,,Andaman & Nicobar Islands,AN,,ug,669f5b877004b579f4304d91
669f5b877004b579f4304d92,"Andhra Medical College, Visakhapatnam",Surendra,Y,,IN,,Andhra Pradesh,AP,,ug,669f5b877004b579f4304d92
669f5b877004b579f4304d93,"Annapoorna Medical College & Hospital, Salem",,,,IN,,Tamil Nadu,TN,,ug,669f5b877004b579f4304d93
669f5b877004b579f4304d94,"Anugrah Narayan Magadh Medical College, Gaya",,,,IN,,Bihar,BR,,ug,669f5b877004b579f4304d94
669f5b877004b579f4304d95,"Apollo Institute of Medical Sciences and Research, Chittoor",,,,IN,,Andhra Pradesh,AP,,ug,669f5b877004b579f4304d95
669f5b877004b579f4304d96,"Apollo Institute of Medical Sciences and Research, Hyderabad",,,,IN,,Telangana,TS,,ug,669f5b877004b579f4304d96
669f5b877004b579f4304d97,"Armed Forces Medical College, Pune",,,,IN,,Maharashtra,MH,,ug,669f5b877004b579f4304d97
669f5b877004b579f4304d98,"Army College of Medical Sciences, New Delhi",,,,IN,,Delhi,DL,,ug,669f5b877004b579f4304d98
669f5b877004b579f4304d99,Arunai Medical College And Hospital,,,,IN,,Tamil Nadu,TN,,ug,669f5b877004b579f4304d99
669f5b877004b579f4304d9a,"Ashwini Rural Medical College, Hospital & Research Centre, Solapur",,,,IN,,Maharashtra,MH,,ug,669f5b877004b579f4304d9a
669f5b877004b579f4304d9b,"Assam Medial College, Dibrugarh",,,,IN,,Assam,AS,,ug,669f5b877004b579f4304d9b
669f5b877004b579f4304d9c,Autonomous State Medical College Pratapgarh,,,,IN,,Uttar Pradesh,UP,,ug,669f5b877004b579f4304d9c
669f5b877004b579f4304d9d,Autonomous State Medical College Society Ghazipur,,,,IN,,Uttar Pradesh,UP,,ug,669f5b877004b579f4304d9d
669f5b877004b579f4304d9e,"Autonomous State Medical College Society, Etah, Uttar Pradesh",,,,IN,,Uttar Pradesh,UP,,ug,669f5b877004b579f4304d9e
669f5b877004b579f4304d9f,"Autonomous State Medical College Society, Fatehpur",,,,IN,,Uttar Pradesh,UP,,ug,669f5b877004b579f4304d9f
669f5b877004b579f4304da0,"Autonomous State Medical College Society, Hardoi",,,,IN,,Uttar Pradesh,UP,,ug,669f5b877004b579f4304da0
669f5b877004b579f4304da1,Maharaja Suheldev Autonomous State Medical College and Maharishi Balark Hospital,,,,IN,,Uttar Pradesh,UP,,ug,669f5b877004b579f4304da1
669f5b877004b579f4304da2,"Autonomous State Medical College, Siddharthnagar",,,,IN,,Uttar Pradesh,UP,,ug,669f5b877004b579f4304da2
669f5b877004b579f4304da3,Autonomous State Society Medical College Mirzapur,,,,IN,,Uttar Pradesh,UP,,ug,669f5b877004b579f4304da3
669f5b877004b579f4304da4,"Ayaan Institute of medical sciences, Teaching Hospital & Research Centre, Kanaka Mamidi, R. R. dist",,,,IN,,Telangana,TS,,ug,669f5b877004b579f4304da4
669f5b877004b579f4304da5,"Azeezia Instt of Medical Science,Meeyannoor,Kollam",,,,IN,,Kerala,KL,,ug,669f5b877004b579f4304da5
669f5b877004b579f4304da6,"B J Medical College, Ahmedabad",,,,IN,,Gujarat,GJ,,ug,669f5b877004b579f4304da6
669f5b877004b579f4304da7,"B. J. Govt. Medical College, Pune",,,,IN,,Maharashtra,MH,,ug,669f5b877004b579f4304da7
669f5b877004b579f4304da8,"B.K.L. Walawalkar Rural Medical College, Ratnagiri",,,,IN,,Maharashtra,MH,,ug,669f5b877004b579f4304da8
669f5b877004b579f4304da9,"Banas Medical College and Research Institute, Palanpur, Gujarat",,,,IN,,Gujarat,GJ,,ug,669f5b877004b579f4304da9
669f5b887004b579f4304daa,"Bangalore Medical College and Research Institute, Bangalore",,,,IN,,Karnataka,KA,,ug,669f5b887004b579f4304daa
669f5b887004b579f4304dab,"Bankura Sammilani Medical College, Bankura",,,,IN,,West Bengal,WB,,ug,669f5b887004b579f4304dab
669f5b887004b579f4304dac,Barasat Government Medical College and Hospital,,,,IN,,West Bengal,WB,,ug,669f5b887004b579f4304dac
669f5b887004b579f4304dad,"Basaveswara Medical College and Hospital, Chitradurga",,,,IN,,Karnataka,KA,,ug,669f5b887004b579f4304dad
669f5b887004b579f4304dae,"Belagavi Institute of Medical Sciences, Belagavi/Belgaum",,,,IN,,Karnataka,KA,,ug,669f5b887004b579f4304dae
669f5b887004b579f4304daf,"Believers Church Medical College Hospital, Thiruvalla, Kerala",,,,IN,,Kerala,KL,,ug,669f5b887004b579f4304daf
669f5b887004b579f4304db0,"BGS Global Institute of Medical Sciences, Bangalore",,,,IN,,Karnataka,KA,,ug,669f5b887004b579f4304db0
669f5b887004b579f4304db1,Bhaarat Medical College & Hospital,,,,IN,,Tamil Nadu,TN,,ug,669f5b887004b579f4304db1
669f5b887004b579f4304db2,"Bharati Vidyapeeth Deemed University Medical College & Hospital, Sangli",,,,IN,,Maharashtra,MH,,ug,669f5b887004b579f4304db2
669f5b887004b579f4304db3,"Bharati Vidyapeeth University Medical College, Pune",,,,IN,,Maharashtra,MH,,ug,669f5b887004b579f4304db3
669f5b887004b579f4304db4,"Bharatratna Atal Bihari Vajpayee Medical College, Pune",,,,IN,,Maharashtra,MH,,ug,669f5b887004b579f4304db4
669f5b887004b579f4304db5,"Bhaskar Medical College, Yenkapally",,,,IN,,Telangana,TS,,ug,669f5b887004b579f4304db5
669f5b887004b579f4304db6,"Bidar Institute of Medical Sciences,Bidar",,,,IN,,Karnataka,KA,,ug,669f5b887004b579f4304db6
669f5b887004b579f4304db7,Shri Atal Bihari Vajpayee Medical College & Research Institute,,,,IN,,Karnataka,KA,,ug,669f5b887004b579f4304db7
669f5b887004b579f4304db8,"BPS Government Medical College for Women, Sonepat",,,,IN,,Haryana,HR,,ug,669f5b887004b579f4304db8
669f5b887004b579f4304db9,"BRD Medical College, Gorakhpur",,,,IN,,Uttar Pradesh,UP,,ug,669f5b887004b579f4304db9
669f5b887004b579f4304dba,"Bundelkhand Medical College, Sagar",,,,IN,,Madhya Pradesh,MP,,ug,669f5b887004b579f4304dba
669f5b887004b579f4304dbb,"Burdwan Medical College, Burdwan",,,,IN,,West Bengal,WB,,ug,669f5b887004b579f4304dbb
669f5b887004b579f4304dbc,"Calcutta National Medical College, Kolkata",,,,IN,,West Bengal,WB,,ug,669f5b887004b579f4304dbc
669f5b887004b579f4304dbd,"Career Instt. Of Medical Sciences & Hospital, Lucknow",,,,IN,,Uttar Pradesh,UP,,ug,669f5b887004b579f4304dbd
669f5b887004b579f4304dbe,"Chalmeda Anand Rao Insttitute Of Medical Sciences, Karimnagar",,,,IN,,Telangana,TS,,ug,669f5b887004b579f4304dbe
669f5b887004b579f4304dbf,"Chamrajanagar Institute of Medical Sciences, Karnataka",,,,IN,,Karnataka,KA,,ug,669f5b887004b579f4304dbf
669f5b887004b579f4304dc0,"Chandulal Chandrakar Memorial Medical College, Durg",,,,IN,,Chattisgarh,CG,,ug,669f5b887004b579f4304dc0
669f5b887004b579f4304dc1,"Chengalpattu Medical College, Chengalpattu",,,,IN,,Tamil Nadu,TN,,ug,669f5b887004b579f4304dc1
669f5b887004b579f4304dc2,"Chettinad Hospital & Research Institute, Kanchipuram",,,,IN,,Tamil Nadu,TN,,ug,669f5b887004b579f4304dc2
669f5b887004b579f4304dc3,"Chhattisgarh Institute of Medical Sciences, Bilaspur",,,,IN,,Chattisgarh,CG,,ug,669f5b887004b579f4304dc3
669f5b887004b579f4304dc4,Chikkaballapura Institute of Medical Sciences,,,,IN,,Karnataka,KA,,ug,669f5b887004b579f4304dc4
669f5b887004b579f4304dc5,"Chikkamagaluru Institute of Medical Sciences, Chikkamagaluru",,,,IN,,Karnataka,KA,,ug,669f5b887004b579f4304dc5
669f5b887004b579f4304dc6,"Chintpurni Medical College, Gurdaspur",,,,IN,,Punjab,PB,,ug,669f5b887004b579f4304dc6
669f5b887004b579f4304dc7,"Chirayu Medical College and Hospital, Bairagarh,Bhopal",,,,IN,,Madhya Pradesh,MP,,ug,669f5b887004b579f4304dc7
669f5b887004b579f4304dc8,"Christian Medical College, Ludhiana",,,,IN,,Punjab,PB,,ug,669f5b887004b579f4304dc8
669f5b887004b579f4304dc9,"Christian Medical College, Vellore",,,,IN,,Tamil Nadu,TN,,ug,669f5b887004b579f4304dc9
669f5b887004b579f4304dca,"Coimbatore Medical College, Coimbatore",,,,IN,,Tamil Nadu,TN,,ug,669f5b887004b579f4304dca
669f5b887004b579f4304dcb,"College of Medicine and JNM Hospital,Kalyani,Nadia",,,,IN,,West Bengal,WB,,ug,669f5b887004b579f4304dcb
669f5b887004b579f4304dcc,"College of Medicine and Sagore Dutta Hospital, Kolkata",,,,IN,,West Bengal,WB,,ug,669f5b887004b579f4304dcc
669f5b887004b579f4304dcd,"Coochbehar Government Medical College & Hospital, Coochbehar, WB",,,,IN,,West Bengal,WB,,ug,669f5b887004b579f4304dcd
669f5b887004b579f4304dce,"CU Shah Medical College, Surendra Nagar",,,,IN,,Gujarat,GJ,,ug,669f5b887004b579f4304dce
669f5b887004b579f4304dcf,"Darbhanga Medical College, Lehriasarai",,,,IN,,Bihar,BR,,ug,669f5b887004b579f4304dcf
669f5b887004b579f4304dd0,"Datta Meghe Medical College, Nagpur",,,,IN,,Maharashtra,MH,,ug,669f5b887004b579f4304dd0
669f5b887004b579f4304dd1,"Dayanand Medical College & Hospital, Ludhiana",,,,IN,,Punjab,PB,,ug,669f5b887004b579f4304dd1
669f5b887004b579f4304dd2,Deben Mahata Government Medical College & Hospital,,,,IN,,West Bengal,WB,,ug,669f5b887004b579f4304dd2
669f5b887004b579f4304dd3,"Deccan College of Medical Sciences, Hyderabad",,,,IN,,Telangana,TS,,ug,669f5b887004b579f4304dd3
669f5b887004b579f4304dd4,"Dhanalakshmi Srinivasan Medical College and Hospital,Perambalur",,,,IN,,Tamil Nadu,TN,,ug,669f5b887004b579f4304dd4
669f5b887004b579f4304dd5,"Dhubri Medical College, Dhubri",,,,IN,,Assam,AS,,ug,669f5b887004b579f4304dd5
669f5b887004b579f4304dd6,"Diamond Harbour Government Medical College and Hospital, West Bengal",,,,IN,,West Bengal,WB,,ug,669f5b887004b579f4304dd6
669f5b887004b579f4304dd7,"Diphu Medical College & Hospital, Diphu, Assam",,,,IN,,Assam,AS,,ug,669f5b887004b579f4304dd7
669f5b887004b579f4304dd8,"DM Wayanad Institute of Medical Sciences, Wayanad, Kerala",,,,IN,,Kerala,KL,,ug,669f5b887004b579f4304dd8
669f5b887004b579f4304dd9,"Doon Medical College, Dehradun, Uttarakhand",,,,IN,,Uttarakhand,UK,,ug,669f5b887004b579f4304dd9
669f5b887004b579f4304dda,"Dr BR Ambedkar Medical College, Bangalore",,,,IN,,Karnataka,KA,,ug,669f5b887004b579f4304dda
669f5b887004b579f4304ddb,"Dr SN Medical College, Jodhpur",,,,IN,,Rajasthan,RJ,,ug,669f5b887004b579f4304ddb
669f5b887004b579f4304ddc,"Dr Vaishampayan Memorial Medical College, Solapur",,,,IN,,Maharashtra,MH,,ug,669f5b887004b579f4304ddc
669f5b887004b579f4304ddd,"Dr. B R Ambedkar State Institute of Medical Sciences, SAS Nagar, Mohali",,,,IN,,Punjab,PB,,ug,669f5b887004b579f4304ddd
669f5b887004b579f4304dde,"Dr. Baba Saheb Ambedkar Medical College, Rohini, Delhi",,,,IN,,Delhi,DL,,ug,669f5b887004b579f4304dde
669f5b887004b579f4304ddf,"Dr. Chandramma Dayananda Sagar Instt. of Medical Education & Research, Harohalli, Hubli",,,,IN,,Karnataka,KA,,ug,669f5b887004b579f4304ddf
669f5b887004b579f4304de0,"Dr. D Y Patil Medical College, Hospital and Research Centre, Pimpri, Pune",,,,IN,,Maharashtra,MH,,ug,669f5b887004b579f4304de0
669f5b887004b579f4304de1,"Dr. D Y Patil Medical College, Kolhapur",,,,IN,,Maharashtra,MH,,ug,669f5b887004b579f4304de1
669f5b887004b579f4304de2,"Dr. M.K. Shah Medical College & Research Centre, Ahmedabad",,,,IN,,Gujarat,GJ,,ug,669f5b887004b579f4304de2
669f5b887004b579f4304de3,Dr. N Y Tasgaonkar Institute of Medical Science,,,,IN,,Maharashtra,MH,,ug,669f5b887004b579f4304de3
669f5b887004b579f4304de4,"Dr. N.D. Desai Faculty of Medical Science and Research, Nadiad",,,,IN,,Gujarat,GJ,,ug,669f5b887004b579f4304de4
669f5b887004b579f4304de5,"Dr. P.S.I. Medical College , Chinoutpalli",Surendra,Y,,IN,,Andhra Pradesh,AP,,ug,669f5b887004b579f4304de5
669f5b887004b579f4304de6,"Dr. Panjabrao Alias Bhausaheb Deshmukh Memorial Medical College, Amravati",,,,IN,,Maharashtra,MH,,ug,669f5b887004b579f4304de6
669f5b887004b579f4304de7,"Dr. Patnam Mahender Reddy Institute of Medical Sciences, Chevella, Rangareddy",,,,IN,,Telangana,TS,,ug,669f5b887004b579f4304de7
669f5b887004b579f4304de8,"Dr. Radhakrishnan Government Medical College, Hamirpur, H.P",,,,IN,,Himachal Pradesh,HP,,ug,669f5b887004b579f4304de8
669f5b887004b579f4304de9,"Dr. Rajendar Prasad Government Medical College, Tanda, H.P",,,,IN,,Himachal Pradesh,HP,,ug,669f5b887004b579f4304de9
669f5b887004b579f4304dea,"Dr. Ram Manohar Lohia Institute of Medical Sciences,Lucknow",,,,IN,,Uttar Pradesh,UP,,ug,669f5b887004b579f4304dea
669f5b887004b579f4304deb,Dr. S S Tantia Medical College Hospital & Research Centre,,,,IN,,Rajasthan,RJ,,ug,669f5b887004b579f4304deb
669f5b887004b579f4304dec,"Dr. Shankarrao Chavan Govt. Medical College, Nanded",,,,IN,,Maharashtra,MH,,ug,669f5b887004b579f4304dec
669f5b887004b579f4304ded,"Dr. Somervel Memorial CSI Hospital & Medical College, Karakonam, Thiruvananthapuram",,,,IN,,Kerala,KL,,ug,669f5b887004b579f4304ded
669f5b887004b579f4304dee,"Dr. Ulhas Patil Medical College & Hospital, Jalgaon",,,,IN,,Maharashtra,MH,,ug,669f5b887004b579f4304dee
669f5b887004b579f4304def,"Dr. VRK Womens Medical College, Aziznagar",,,,IN,,Telangana,TS,,ug,669f5b887004b579f4304def
669f5b887004b579f4304df0,Dr.Kiran C.Patel Medical College and Research Institute,,,,IN,,Gujarat,GJ,,ug,669f5b887004b579f4304df0
669f5b887004b579f4304df1,"Dr.Vasantrao Pawar Med. Col. Hosp. & Research Centre,Nasik (Prev. NDMVP Samaj Medical College)",,,,IN,,Maharashtra,MH,,ug,669f5b887004b579f4304df1
669f5b887004b579f4304df2,"Dumka Medical College, Dighi Dumka",,,,IN,,Jharkhand,JH,,ug,669f5b887004b579f4304df2
669f5b887004b579f4304df3,"East Point College of Medical Sciences & Research Centre, Bangalore",,,,IN,,Karnataka,KA,,ug,669f5b887004b579f4304df3
669f5b887004b579f4304df4,"Employees State Insurance Coporation Medical College, Sanath Nagar, Hyderabad",,,,IN,,Telangana,TS,,ug,669f5b887004b579f4304df4
669f5b887004b579f4304df5,"Employees State Insurance Corporation Medical College, Alwar",,,,IN,,Rajasthan,RJ,,ug,669f5b887004b579f4304df5
669f5b887004b579f4304df6,"Employees State Insurance Corporation Medical College, Bangalore",,,,IN,,Karnataka,KA,,ug,669f5b887004b579f4304df6
669f5b887004b579f4304df7,"Employees State Insurance Corporation Medical College, Faridabad",,,,IN,,Haryana,HR,,ug,669f5b887004b579f4304df7
669f5b887004b579f4304df8,"Employees State Insurance Corporation Medical College, Gulbarga",,,,IN,,Karnataka,KA,,ug,669f5b887004b579f4304df8
669f5b887004b579f4304df9,"Employees State Insurance Corporation Medical College, Joka, Kolkata",,,,IN,,West Bengal,WB,,ug,669f5b887004b579f4304df9
669f5b887004b579f4304dfa,"Employees State Insurance Corporation Medical College, Patna",,,,IN,,Bihar,BR,,ug,669f5b887004b579f4304dfa
669f5b887004b579f4304dfb,"Era Lucknow Medical College , Lucknow",,,,IN,,Uttar Pradesh,UP,,ug,669f5b887004b579f4304dfb
669f5b887004b579f4304dfc,"ESI-PGIMSR,ESI Hospital,K.K Nagar,Chennai",,,,IN,,Tamil Nadu,TN,,ug,669f5b887004b579f4304dfc
669f5b887004b579f4304dfd,"F.H. Medical College & Hospital, Etamdapur, Agra",,,,IN,,Uttar Pradesh,UP,,ug,669f5b887004b579f4304dfd
669f5b887004b579f4304dfe,"Faculty of Medicine and Health Sciences, Gurgaon (Formarly SGGST Medical College & R Centre,Gurgaon)",,,,IN,,Haryana,HR,,ug,669f5b887004b579f4304dfe
669f5b887004b579f4304dff,"Faculty of Medicine, Sri Lalithambigai Medical College and Hospital",,,,IN,,Tamil Nadu,TN,,ug,669f5b887004b579f4304dff
669f5b887004b579f4304e00,"Fakhruddin Ali Ahmed Medical College, Barpeta, Assam",,,,IN,,Assam,AS,,ug,669f5b887004b579f4304e00
669f5b887004b579f4304e01,"Father Mullers Medical College, Mangalore",,,,IN,,Karnataka,KA,,ug,669f5b887004b579f4304e01
669f5b887004b579f4304e02,"Fathima Instt. of Medical Sciences,Kadapa",,,,IN,,Andhra Pradesh,AP,,ug,669f5b887004b579f4304e02
669f5b887004b579f4304e03,G R Medical College Hospital & Research Centre,,,,IN,,Karnataka,KA,,ug,669f5b887004b579f4304e03
669f5b887004b579f4304e04,"G.S. Medical College & Hospital, Hapur, UP",,,,IN,,Uttar Pradesh,UP,,ug,669f5b887004b579f4304e04
669f5b887004b579f4304e05,"Gadag Institute of Medical Sciences, Mallasamudra, Mulgund Road, Gadag",,,,IN,,Karnataka,KA,,ug,669f5b887004b579f4304e05
669f5b887004b579f4304e06,"Gajra Raja Medical College, Gwalior",,,,IN,,Madhya Pradesh,MP,,ug,669f5b887004b579f4304e06
669f5b887004b579f4304e07,"Gandhi Medical College, Bhopal",,,,IN,,Madhya Pradesh,MP,,ug,669f5b887004b579f4304e07
669f5b887004b579f4304e08,"Gandhi Medical College, Secunderabad",,,,IN,,Telangana,TS,,ug,669f5b887004b579f4304e08
669f5b887004b579f4304e09,"Gauhati Medical College, Guwahati",,,,IN,,Assam,AS,,ug,669f5b887004b579f4304e09
669f5b887004b579f4304e0a,"Gautam Buddha Chikitsa Mahavidyalaya, Dehradun",,,,IN,,Uttarakhand,UK,,ug,669f5b887004b579f4304e0a
669f5b897004b579f4304e0b,"Gayathri Vidya Parishad Institute of Health Care & Medical Technology, Visakhapatnam",Indra,Y,,IN,,Andhra Pradesh,AP,,ug,669f5b897004b579f4304e0b
669f5b897004b579f4304e0c,"GCS Medical College, Ahmedabad",,,,IN,,Gujarat,GJ,,ug,669f5b897004b579f4304e0c
669f5b897004b579f4304e0d,"Geetanjali Medical College & Hospital,Udaipur",,,,IN,,Rajasthan,RJ,,ug,669f5b897004b579f4304e0d
669f5b897004b579f4304e0e,"Gian Sagar Medical College & Hospital, Patiala",,,,IN,,Punjab,PB,,ug,669f5b897004b579f4304e0e
669f5b897004b579f4304e0f,"GITAM Institute of Medical Sciences and Research, Visakhapatnam",Surendra,Y,,IN,,Andhra Pradesh,AP,,ug,669f5b897004b579f4304e0f
669f5b897004b579f4304e10,"GMERS Medical College, Dharpur Patan",,,,IN,,Gujarat,GJ,,ug,669f5b897004b579f4304e10
669f5b897004b579f4304e11,"GMERS Medical College, Gandhinagar",,,,IN,,Gujarat,GJ,,ug,669f5b897004b579f4304e11
669f5b897004b579f4304e12,"GMERS Medical College, Gotri, Vadodara",,,,IN,,Gujarat,GJ,,ug,669f5b897004b579f4304e12
669f5b897004b579f4304e13,"GMERS Medical College, Hadiyol, Himmatnagar",,,,IN,,Gujarat,GJ,,ug,669f5b897004b579f4304e13
669f5b897004b579f4304e14,"GMERS Medical College, Junagadh",,,,IN,,Gujarat,GJ,,ug,669f5b897004b579f4304e14
669f5b897004b579f4304e15,"GMERS Medical College, Navsari",,,,IN,,Gujarat,GJ,,ug,669f5b897004b579f4304e15
669f5b897004b579f4304e16,"GMERS Medical College, Rajpipla",,,,IN,,Gujarat,GJ,,ug,669f5b897004b579f4304e16
669f5b897004b579f4304e17,"GMERS Medical College, Sola, Ahmedabad",,,,IN,,Gujarat,GJ,,ug,669f5b897004b579f4304e17
669f5b897004b579f4304e18,"GMERS Medical College, Vadnagar, Mehsana",,,,IN,,Gujarat,GJ,,ug,669f5b897004b579f4304e18
669f5b897004b579f4304e19,"GMERS Medical College, Valsad",,,,IN,,Gujarat,GJ,,ug,669f5b897004b579f4304e19
669f5b897004b579f4304e1a,"Goa Medical College, Panaji",,,,IN,,Goa,GA,,ug,669f5b897004b579f4304e1a
669f5b897004b579f4304e1b,"Gouri Devi Institute of Medical Sciences and Hospital, Durgapur",,,,IN,,West Bengal,WB,,ug,669f5b897004b579f4304e1b
669f5b897004b579f4304e1c,"Government Allopathic Medical College, Banda, UP",,,,IN,,Uttar Pradesh,UP,,ug,669f5b897004b579f4304e1c
669f5b897004b579f4304e1d,"Government Ariyalur medical College, Tamilnadu",,,,IN,,Tamil Nadu,TN,,ug,669f5b897004b579f4304e1d
669f5b897004b579f4304e1e,"Government Dharmapuri Medical College, Dharmapuri",,,,IN,,Tamil Nadu,TN,,ug,669f5b897004b579f4304e1e
669f5b897004b579f4304e1f,"Government Erode Medical College & Hospital, Perundurai (Formerly IRT Perundurai Medical College)",,,,IN,,Tamil Nadu,TN,,ug,669f5b897004b579f4304e1f
669f5b897004b579f4304e20,"Government Institute of Medical Sciences, Kasna, Greater Noida",,,,IN,,Uttar Pradesh,UP,,ug,669f5b897004b579f4304e20
669f5b897004b579f4304e21,"Government Medical College (Bharat Ratna Shri Atal Bihari Vajpyee Memorial Med. Col.), Rajnandgaon",,,,IN,,Chattisgarh,CG,,ug,669f5b897004b579f4304e21
669f5b897004b579f4304e22,"Government Medical College (Institute of Integrated Medical Sciences), Yakkara, Palakkad",,,,IN,,Kerala,KL,,ug,669f5b897004b579f4304e22
669f5b897004b579f4304e23,"Government Medical College (Prev.Uttarakhand Forest Hospital Trust Med.Col.), Haldwani",,,,IN,,Uttarakhand,UK,,ug,669f5b897004b579f4304e23
669f5b897004b579f4304e24,"Government Medical College & Associated Hospital, Rajouri, J&K",,,,IN,,Jammu and Kashmir,JK,,ug,669f5b897004b579f4304e24
669f5b897004b579f4304e25,"Government Medical College & ESIC Hospital, Coimbatore, TamilNadu",,,,IN,,Tamil Nadu,TN,,ug,669f5b897004b579f4304e25
669f5b897004b579f4304e26,"Government Medical College & Hospital (Renamed as Bhima Bhoi Medical College & Hospital), Balangir",,,,IN,,Odisha,OD,,ug,669f5b897004b579f4304e26
669f5b897004b579f4304e27,"Government Medical College & Hospital (Renamed as Fakir Mohan Medical College & Hospital), Balasore",,,,IN,,Odisha,OD,,ug,669f5b897004b579f4304e27
669f5b897004b579f4304e28,"Government Medical College & Hospital, Baramati",,,,IN,,Maharashtra,MH,,ug,669f5b897004b579f4304e28
669f5b897004b579f4304e29,"Government Medical College & Super facility Hospital, Azamgarh",,,,IN,,Uttar Pradesh,UP,,ug,669f5b897004b579f4304e29
669f5b897004b579f4304e2a,"Government Medical College and Hospital, Krishnagiri",,,,IN,,Tamil Nadu,TN,,ug,669f5b897004b579f4304e2a
669f5b897004b579f4304e2b,Government Medical College Kallakurichi,,,,IN,,Tamil Nadu,TN,,ug,669f5b897004b579f4304e2b
669f5b897004b579f4304e2c,Government Medical College Nagapattinam,,,,IN,,Tamil Nadu,TN,,ug,669f5b897004b579f4304e2c
669f5b897004b579f4304e2d,Government Medical College Ramanathapuram,,,,IN,,Tamil Nadu,TN,,ug,669f5b897004b579f4304e2d
669f5b897004b579f4304e2e,"Government Medical College, Akola",,,,IN,,Maharashtra,MH,,ug,669f5b897004b579f4304e2e
669f5b897004b579f4304e2f,"Government Medical College, Alibag",,,,IN,,Maharashtra,MH,,ug,669f5b897004b579f4304e2f
669f5b897004b579f4304e30,"Government Medical College, Ambikapur (Surguja), Chhattisgarh",,,,IN,,Chattisgarh,CG,,ug,669f5b897004b579f4304e30
669f5b897004b579f4304e31,"Government Medical College, Amritsar",,,,IN,,Punjab,PB,,ug,669f5b897004b579f4304e31
669f5b897004b579f4304e32,"Government Medical College, Ananthapuram",,,,IN,,Andhra Pradesh,AP,,ug,669f5b897004b579f4304e32
669f5b897004b579f4304e33,"Government Medical College, Anantnag",,,,IN,,Jammu and Kashmir,JK,,ug,669f5b897004b579f4304e33
669f5b897004b579f4304e34,"Government Medical College, Aurangabad",,,,IN,,Maharashtra,MH,,ug,669f5b897004b579f4304e34
669f5b897004b579f4304e35,"Government Medical College, Badaun",,,,IN,,Uttar Pradesh,UP,,ug,669f5b897004b579f4304e35
669f5b897004b579f4304e36,"Government Medical College, Baramulla",,,,IN,,Jammu and Kashmir,JK,,ug,669f5b897004b579f4304e36
669f5b897004b579f4304e37,"Government Medical College, Barmer",,,,IN,,Rajasthan,RJ,,ug,669f5b897004b579f4304e37
669f5b897004b579f4304e38,"Government Medical College, Bettiah",,,,IN,,Bihar,BR,,ug,669f5b897004b579f4304e38
669f5b897004b579f4304e39,"Government Medical College, Bhadradri Kothagudem",,,,IN,,Telangana,TS,,ug,669f5b897004b579f4304e39
669f5b897004b579f4304e3a,"Government Medical College, Bharatpur, Rajasthan",,,,IN,,Rajasthan,RJ,,ug,669f5b897004b579f4304e3a
669f5b897004b579f4304e3b,"Government Medical College, Bhavnagar",,,,IN,,Gujarat,GJ,,ug,669f5b897004b579f4304e3b
669f5b897004b579f4304e3c,"Government Medical College, Bhilwara, Rajasthan",,,,IN,,Rajasthan,RJ,,ug,669f5b897004b579f4304e3c
669f5b897004b579f4304e3d,"Government Medical College, Chandigarh",,,,IN,,Chandigarh,CH,,ug,669f5b897004b579f4304e3d
669f5b897004b579f4304e3e,"Government Medical College, Chandrapur",,,,IN,,Maharashtra,MH,,ug,669f5b897004b579f4304e3e
669f5b897004b579f4304e3f,"Government Medical College, Chhindwara, MP",,,,IN,,Madhya Pradesh,MP,,ug,669f5b897004b579f4304e3f
669f5b897004b579f4304e40,"Government Medical College, Chittorgarh",,,,IN,,Rajasthan,RJ,,ug,669f5b897004b579f4304e40
669f5b897004b579f4304e41,"Government Medical College, Churachandpur",,,,IN,,Manipur,MN,,ug,669f5b897004b579f4304e41
669f5b897004b579f4304e42,"Government Medical College, Churu",,,,IN,,Rajasthan,RJ,,ug,669f5b897004b579f4304e42
669f5b897004b579f4304e43,"Government Medical College, Datia, MP",,,,IN,,Madhya Pradesh,MP,,ug,669f5b897004b579f4304e43
669f5b897004b579f4304e44,"Government Medical College, Dholpur",,,,IN,,Rajasthan,RJ,,ug,669f5b897004b579f4304e44
669f5b897004b579f4304e45,"Government Medical College, Dindigul",,,,IN,,Tamil Nadu,TN,,ug,669f5b897004b579f4304e45
669f5b897004b579f4304e46,"Government Medical College, Dungarpur",,,,IN,,Rajasthan,RJ,,ug,669f5b897004b579f4304e46
669f5b897004b579f4304e47,"Government Medical College, Ernakulam",,,,IN,,Kerala,KL,,ug,669f5b897004b579f4304e47
669f5b897004b579f4304e48,"Government Medical College, Faizabad(Rajarshi Dashrath Autonomous State Medical College,Ayodhya)",,,,IN,,Uttar Pradesh,UP,,ug,669f5b897004b579f4304e48
669f5b897004b579f4304e49,"Government Medical College, Firozabad",,,,IN,,Uttar Pradesh,UP,,ug,669f5b897004b579f4304e49
669f5b897004b579f4304e4a,"Government Medical College, Gondia",,,,IN,,Maharashtra,MH,,ug,669f5b897004b579f4304e4a
669f5b897004b579f4304e4b,"Government Medical College, Jagtial",,,,IN,,Telangana,TS,,ug,669f5b897004b579f4304e4b
669f5b897004b579f4304e4c,"Government Medical College, Jalgaon",,,,IN,,Maharashtra,MH,,ug,669f5b897004b579f4304e4c
669f5b897004b579f4304e4d,"Government Medical College, Jammu",,,,IN,,Jammu and Kashmir,JK,,ug,669f5b897004b579f4304e4d
669f5b897004b579f4304e4e,"Government Medical College, Kanker",,,,IN,,Chattisgarh,CG,,ug,669f5b897004b579f4304e4e
669f5b897004b579f4304e4f,"Government Medical College, Kannauj",,,,IN,,Uttar Pradesh,UP,,ug,669f5b897004b579f4304e4f
669f5b897004b579f4304e50,"Government Medical College, Karur",,,,IN,,Tamil Nadu,TN,,ug,669f5b897004b579f4304e50
669f5b897004b579f4304e51,"Government Medical College, Kathua",,,,IN,,Jammu and Kashmir,JK,,ug,669f5b897004b579f4304e51
669f5b897004b579f4304e52,"Government Medical College, Keonjhar",,,,IN,,Odisha,OD,,ug,669f5b897004b579f4304e52
669f5b897004b579f4304e53,"Government Medical College, Khandwa, MP",,,,IN,,Madhya Pradesh,MP,,ug,669f5b897004b579f4304e53
669f5b897004b579f4304e54,"Government Medical College, Konni",,,,IN,,Kerala,KL,,ug,669f5b897004b579f4304e54
669f5b897004b579f4304e55,"Government Medical College, Korba",,,,IN,,Chattisgarh,CG,,ug,669f5b897004b579f4304e55
669f5b897004b579f4304e56,"Government Medical College, Kota",,,,IN,,Rajasthan,RJ,,ug,669f5b897004b579f4304e56
669f5b897004b579f4304e57,"Government Medical College, Kottayam",,,,IN,,Kerala,KL,,ug,669f5b897004b579f4304e57
669f5b897004b579f4304e58,"Government Medical College, Kozhikode, Calicut",,,,IN,,Kerala,KL,,ug,669f5b897004b579f4304e58
669f5b897004b579f4304e59,"Government Medical College, Latur",,,,IN,,Maharashtra,MH,,ug,669f5b897004b579f4304e59
669f5b897004b579f4304e5a,"Government Medical College, Mahabubabad",,,,IN,,Telangana,TS,,ug,669f5b897004b579f4304e5a
669f5b897004b579f4304e5b,"Government Medical College, Mahabubnagar",,,,IN,,Telangana,TS,,ug,669f5b897004b579f4304e5b
669f5b897004b579f4304e5c,"Government Medical College, Mahasamund",,,,IN,,Chattisgarh,CG,,ug,669f5b897004b579f4304e5c
669f5b897004b579f4304e5d,"Government Medical College, Mancherial",,,,IN,,Telangana,TS,,ug,669f5b897004b579f4304e5d
669f5b897004b579f4304e5e,"Government Medical College, Manjeri, Malapuram Dist.",,,,IN,,Kerala,KL,,ug,669f5b897004b579f4304e5e
669f5b897004b579f4304e5f,"Government Medical College, Miraj",,,,IN,,Maharashtra,MH,,ug,669f5b897004b579f4304e5f
669f5b897004b579f4304e60,"Government Medical College, Morbi",,,,IN,,Gujarat,GJ,,ug,669f5b897004b579f4304e60
669f5b897004b579f4304e61,"Government Medical College, Nagarkurnool",,,,IN,,Telangana,TS,,ug,669f5b897004b579f4304e61
669f5b897004b579f4304e62,"Government Medical College, Nagpur",,,,IN,,Maharashtra,MH,,ug,669f5b897004b579f4304e62
669f5b8a7004b579f4304e63,"Government Medical College, Nahan, Sirmour H.P.",,,,IN,,Himachal Pradesh,HP,,ug,669f5b8a7004b579f4304e63
669f5b8a7004b579f4304e64,"Government Medical College, Nalgonda",,,,IN,,Telangana,TS,,ug,669f5b8a7004b579f4304e64
669f5b8a7004b579f4304e65,"Government Medical College, Namakkal",,,,IN,,Tamil Nadu,TN,,ug,669f5b8a7004b579f4304e65
669f5b8a7004b579f4304e66,"Government Medical College, Nandurbar",,,,IN,,Maharashtra,MH,,ug,669f5b8a7004b579f4304e66
669f5b8a7004b579f4304e67,"Government Medical College, Nizamabad",,,,IN,,Telangana,TS,,ug,669f5b8a7004b579f4304e67
669f5b8a7004b579f4304e68,"Government Medical College, Omandurar",,,,IN,,Tamil Nadu,TN,,ug,669f5b8a7004b579f4304e68
669f5b8a7004b579f4304e69,"Government Medical College, Osmanabad",,,,IN,,Maharashtra,MH,,ug,669f5b8a7004b579f4304e69
669f5b8a7004b579f4304e6a,"Government Medical College, Painav, Idukki",,,,IN,,Kerala,KL,,ug,669f5b8a7004b579f4304e6a
669f5b8a7004b579f4304e6b,"Government Medical College, Pali, Rajasthan",,,,IN,,Rajasthan,RJ,,ug,669f5b8a7004b579f4304e6b
669f5b8a7004b579f4304e6c,"Government Medical College, Panchmahal Godhra",,,,IN,,Gujarat,GJ,,ug,669f5b8a7004b579f4304e6c
669f5b8a7004b579f4304e6d,"Government Medical College, Parippally, Kollam",,,,IN,,Kerala,KL,,ug,669f5b8a7004b579f4304e6d
669f5b8a7004b579f4304e6e,"Government Medical College, Patiala",,,,IN,,Punjab,PB,,ug,669f5b8a7004b579f4304e6e
669f5b8a7004b579f4304e6f,"Government Medical College, Porbandar",,,,IN,,Gujarat,GJ,,ug,669f5b8a7004b579f4304e6f
669f5b8a7004b579f4304e70,"Government Medical College, Pudukottai, Tamil Nadu",,,,IN,,Tamil Nadu,TN,,ug,669f5b8a7004b579f4304e70
669f5b8a7004b579f4304e71,"Government Medical College, Ramagundam",,,,IN,,Telangana,TS,,ug,669f5b8a7004b579f4304e71
669f5b8a7004b579f4304e72,"Government Medical College, Rampur, Basti",,,,IN,,Uttar Pradesh,UP,,ug,669f5b8a7004b579f4304e72
669f5b8a7004b579f4304e73,"Government Medical College, Ratlam",,,,IN,,Madhya Pradesh,MP,,ug,669f5b8a7004b579f4304e73
669f5b8a7004b579f4304e74,"Government Medical College, Sangareddy",,,,IN,,Telangana,TS,,ug,669f5b8a7004b579f4304e74
669f5b8a7004b579f4304e75,"Government Medical College, Satara",,,,IN,,Maharashtra,MH,,ug,669f5b8a7004b579f4304e75
669f5b8a7004b579f4304e76,"Government Medical College, Shahdol, MP",,,,IN,,Madhya Pradesh,MP,,ug,669f5b8a7004b579f4304e76
669f5b8a7004b579f4304e77,"Government Medical College, Shahjahanpur, UP",,,,IN,,Uttar Pradesh,UP,,ug,669f5b8a7004b579f4304e77
669f5b8a7004b579f4304e78,"Government Medical College, Shivpuri, MP",,,,IN,,Madhya Pradesh,MP,,ug,669f5b8a7004b579f4304e78
669f5b8a7004b579f4304e79,"Government Medical College, Siddipet",,,,IN,,Telangana,TS,,ug,669f5b8a7004b579f4304e79
669f5b8a7004b579f4304e7a,"Government Medical College, Sindhudurg",,,,IN,,Maharashtra,MH,,ug,669f5b8a7004b579f4304e7a
669f5b8a7004b579f4304e7b,"Government Medical College, Sirohi",,,,IN,,Rajasthan,RJ,,ug,669f5b8a7004b579f4304e7b
669f5b8a7004b579f4304e7c,"Government Medical College, Sri Ganganagar",,,,IN,,Rajasthan,RJ,,ug,669f5b8a7004b579f4304e7c
669f5b8a7004b579f4304e7d,"Government Medical College, Srinagar",,,,IN,,Jammu and Kashmir,JK,,ug,669f5b8a7004b579f4304e7d
669f5b8a7004b579f4304e7e,"Government Medical College, Sundargarh",,,,IN,,Odisha,OD,,ug,669f5b8a7004b579f4304e7e
669f5b8a7004b579f4304e7f,"Government Medical College, Surat",,,,IN,,Gujarat,GJ,,ug,669f5b8a7004b579f4304e7f
669f5b8a7004b579f4304e80,"Government Medical College, Suryapet",,,,IN,,Telangana,TS,,ug,669f5b8a7004b579f4304e80
669f5b8a7004b579f4304e81,"Government Medical College, The Nilgiris",,,,IN,,Tamil Nadu,TN,,ug,669f5b8a7004b579f4304e81
669f5b8a7004b579f4304e82,"Government Medical College, Thiruvallur",,,,IN,,Tamil Nadu,TN,,ug,669f5b8a7004b579f4304e82
669f5b8a7004b579f4304e83,"Government Medical College, Thrissur",,,,IN,,Kerala,KL,,ug,669f5b8a7004b579f4304e83
669f5b8a7004b579f4304e84,"Government Medical College, Tiruppur",,,,IN,,Tamil Nadu,TN,,ug,669f5b8a7004b579f4304e84
669f5b8a7004b579f4304e85,"Government Medical College, Vidisha, MP",,,,IN,,Madhya Pradesh,MP,,ug,669f5b8a7004b579f4304e85
669f5b8a7004b579f4304e86,"Government Medical College, Virudhunagar",,,,IN,,Tamil Nadu,TN,,ug,669f5b8a7004b579f4304e86
669f5b8a7004b579f4304e87,"Government Medical College, Wanaparthy",,,,IN,,Telangana,TS,,ug,669f5b8a7004b579f4304e87
669f5b8a7004b579f4304e88,"Government Siddhartha Medical College, Vijaywada",Surendra,Y,,IN,,Andhra Pradesh,AP,,ug,669f5b8a7004b579f4304e88
669f5b8a7004b579f4304e89,"Government Sivagangai Medical College, Sivaganga",,,,IN,,Tamil Nadu,TN,,ug,669f5b8a7004b579f4304e89
669f5b8a7004b579f4304e8a,"Government Thiruvannamalai Medical College, Thiruvannamalai",,,,IN,,Tamil Nadu,TN,,ug,669f5b8a7004b579f4304e8a
669f5b8a7004b579f4304e8b,"Government Vellore Medical College, Vellore",,,,IN,,Tamil Nadu,TN,,ug,669f5b8a7004b579f4304e8b
669f5b8a7004b579f4304e8c,"Government Villupuram Medical College, Villupuram",,,,IN,,Tamil Nadu,TN,,ug,669f5b8a7004b579f4304e8c
669f5b8a7004b579f4304e8d,"Govt. Medical College, Doda, Kashmir",,,,IN,,Jammu and Kashmir,JK,,ug,669f5b8a7004b579f4304e8d
669f5b8a7004b579f4304e8e,"Govt. Medical College,Pariyaram, Kannur (Prev. Known as Academy of Medical Sciences)",,,,IN,,Kerala,KL,,ug,669f5b8a7004b579f4304e8e
669f5b8a7004b579f4304e8f,"Grant Medical College, Mumbai",,,,IN,,Maharashtra,MH,,ug,669f5b8a7004b579f4304e8f
669f5b8a7004b579f4304e90,"Great Eastern Medical School and Hospital,Srikakulam",Surendra,Y,,IN,,Andhra Pradesh,AP,,ug,669f5b8a7004b579f4304e90
669f5b8a7004b579f4304e91,"GSL Medical College, Rajahmundry",Surendra,Y,,IN,,Andhra Pradesh,AP,,ug,669f5b8a7004b579f4304e91
669f5b8a7004b579f4304e92,"GSVM Medical College, Kanpur",,,,IN,,Uttar Pradesh,UP,,ug,669f5b8a7004b579f4304e92
669f5b8a7004b579f4304e93,"Gujarat Adani Institute of Medical Sciences, Bhuj",,,,IN,,Gujarat,GJ,,ug,669f5b8a7004b579f4304e93
669f5b8a7004b579f4304e94,"Gulbarga Institute of Medical Sciences, Gulbarga",,,,IN,,Karnataka,KA,,ug,669f5b8a7004b579f4304e94
669f5b8a7004b579f4304e95,"Guntur Medical College, Guntur",Indra,Y,,IN,,Andhra Pradesh,AP,,ug,669f5b8a7004b579f4304e95
669f5b8a7004b579f4304e96,"Guru Govind Singh Medical College, Faridkot",,,,IN,,Punjab,PB,,ug,669f5b8a7004b579f4304e96
669f5b8a7004b579f4304e97,"H.B.T. Medical College & Dr. R.N. Cooper Municipal General Hospital, Juhu, Mumbai",,,,IN,,Maharashtra,MH,,ug,669f5b8a7004b579f4304e97
669f5b8a7004b579f4304e98,"Hamdard Institute of Medical Sciences & Research, New Delhi",,,,IN,,Delhi,DL,,ug,669f5b8a7004b579f4304e98
669f5b8a7004b579f4304e99,"Hassan Institute of Medical Sciences, Hassan",,,,IN,,Karnataka,KA,,ug,669f5b8a7004b579f4304e99
669f5b8a7004b579f4304e9a,"Haveri Institute of Medical Sciences, Haveri",,,,IN,,Karnataka,KA,,ug,669f5b8a7004b579f4304e9a
669f5b8a7004b579f4304e9b,"Hazaribagh Medical College, Hazaribagh",,,,IN,,Jharkhand,JH,,ug,669f5b8a7004b579f4304e9b
669f5b8a7004b579f4304e9c,"Heritage Institute of Medical Sciences, Varanasi",,,,IN,,Uttar Pradesh,UP,,ug,669f5b8a7004b579f4304e9c
669f5b8a7004b579f4304e9d,"Hi-Tech Medical College & Hospital, Bhubaneswar",,,,IN,,Odisha,OD,,ug,669f5b8a7004b579f4304e9d
669f5b8a7004b579f4304e9e,"Hi-Tech Medical College & Hospital, Rourkela",,,,IN,,Odisha,OD,,ug,669f5b8a7004b579f4304e9e
669f5b8a7004b579f4304e9f,"Himalayan Institute of Medical Sciences, Dehradun",,,,IN,,Uttarakhand,UK,,ug,669f5b8a7004b579f4304e9f
669f5b8a7004b579f4304ea0,"Hind Institute of Medical Sciences , Barabanki",,,,IN,,Uttar Pradesh,UP,,ug,669f5b8a7004b579f4304ea0
669f5b8a7004b579f4304ea1,"Hind Institute of Medical Sciences, Sitapur",,,,IN,,Uttar Pradesh,UP,,ug,669f5b8a7004b579f4304ea1
669f5b8a7004b579f4304ea2,"ICARE Institute of Medical Sciences & Research, Haldia, Purba Midanpore",,,,IN,,West Bengal,WB,,ug,669f5b8a7004b579f4304ea2
669f5b8a7004b579f4304ea3,"Index Medical College Hospital & Research Centre,Indore",,,,IN,,Madhya Pradesh,MP,,ug,669f5b8a7004b579f4304ea3
669f5b8a7004b579f4304ea4,"Indian Institute of Medical Science & Research, Jalna",,,,IN,,Maharashtra,MH,,ug,669f5b8a7004b579f4304ea4
669f5b8a7004b579f4304ea5,"Indira Gandhi Institute of Medical Sciences,Sheikhpura, Patna",,,,IN,,Bihar,BR,,ug,669f5b8a7004b579f4304ea5
669f5b8a7004b579f4304ea6,"Indira Gandhi Medical College & Hospital, Nagpur",,,,IN,,Maharashtra,MH,,ug,669f5b8a7004b579f4304ea6
669f5b8a7004b579f4304ea7,"Indira Gandhi Medical College & Research Institute, Puducherry",,,,IN,,Pondicherry,PY,,ug,669f5b8a7004b579f4304ea7
669f5b8a7004b579f4304ea8,"Indira Gandhi Medical College, Shimla",,,,IN,,Himachal Pradesh,HP,,ug,669f5b8a7004b579f4304ea8
669f5b8a7004b579f4304ea9,"Indira Medical College & Hospitals, Thiruvallur",,,,IN,,Tamil Nadu,TN,,ug,669f5b8a7004b579f4304ea9
669f5b8a7004b579f4304eaa,"Institute of Medical Sciences, BHU, Varansi",,,,IN,,Uttar Pradesh,UP,,ug,669f5b8a7004b579f4304eaa
669f5b8a7004b579f4304eab,"Institute of Postgraduate Medical Education & Research, Kolkata",,,,IN,,West Bengal,WB,,ug,669f5b8a7004b579f4304eab
669f5b8a7004b579f4304eac,"Instt. Of Medical Sciences & SUM Hospital, Bhubaneswar",,,,IN,,Odisha,OD,,ug,669f5b8a7004b579f4304eac
669f5b8a7004b579f4304ead,"Integral Institute of Medical Sciences & Research, Lucknow",,,,IN,,Uttar Pradesh,UP,,ug,669f5b8a7004b579f4304ead
669f5b8a7004b579f4304eae,"IQ-City Medical College, Burdwan",,,,IN,,West Bengal,WB,,ug,669f5b8a7004b579f4304eae
669f5b8a7004b579f4304eaf,Jagadguru Gangadhar Mahaswamigalu Moorusavirmath Medical College JGMMMC,,,,IN,,Karnataka,KA,,ug,669f5b8a7004b579f4304eaf
669f5b8a7004b579f4304eb0,"Jagannath Gupta Institute of Medical Sciences & Hospital, Kolkata",,,,IN,,West Bengal,WB,,ug,669f5b8a7004b579f4304eb0
669f5b8a7004b579f4304eb1,"Jaipur National University Institute of Medical Sciences and Resarch Centre, Jagatpura, Jaipur",,,,IN,,Rajasthan,RJ,,ug,669f5b8a7004b579f4304eb1
669f5b8a7004b579f4304eb2,Jalpaiguri Government Medical College and Hospital,,,,IN,,West Bengal,WB,,ug,669f5b8a7004b579f4304eb2
669f5b8a7004b579f4304eb3,"Jannayak Karpoori Thakur Medical College & Hospital, Madhepura, Bihar",,,,IN,,Bihar,BR,,ug,669f5b8a7004b579f4304eb3
669f5b8a7004b579f4304eb4,"Jawaharlal Institute of Postgraduate Medical Education & Research, Puducherry",,,,IN,,Pondicherry,PY,,ug,669f5b8a7004b579f4304eb4
669f5b8a7004b579f4304eb5,"Jawaharlal Nehru Institute of Medical Sciences,Porompet,Imphal",,,,IN,,Manipur,MN,,ug,669f5b8a7004b579f4304eb5
669f5b8a7004b579f4304eb6,"Jawaharlal Nehru Medical College, Ajmer",,,,IN,,Rajasthan,RJ,,ug,669f5b8a7004b579f4304eb6
669f5b8a7004b579f4304eb7,"Jawaharlal Nehru Medical College, Aligarh",,,,IN,,Uttar Pradesh,UP,,ug,669f5b8a7004b579f4304eb7
669f5b8a7004b579f4304eb8,"Jawaharlal Nehru Medical College, Belgaum",,,,IN,,Karnataka,KA,,ug,669f5b8a7004b579f4304eb8
669f5b8a7004b579f4304eb9,"Jawaharlal Nehru Medical College, Bhagalpur",,,,IN,,Bihar,BR,,ug,669f5b8a7004b579f4304eb9
669f5b8a7004b579f4304eba,"Jawaharlal Nehru Medical College, Sawangi (Meghe), Wardha",,,,IN,,Maharashtra,MH,,ug,669f5b8a7004b579f4304eba
669f5b8a7004b579f4304ebb,"Jhalawar Medical College, Jhalawar",,,,IN,,Rajasthan,RJ,,ug,669f5b8a7004b579f4304ebb
669f5b8a7004b579f4304ebc,Jhargram Government Medical College and Hospital,,,,IN,,West Bengal,WB,,ug,669f5b8a7004b579f4304ebc
669f5b8a7004b579f4304ebd,"JJM Medical College, Davangere",,,,IN,,Karnataka,KA,,ug,669f5b8a7004b579f4304ebd
669f5b8a7004b579f4304ebe,"Jorhat Medical College & Hospital , Jorhat",,,,IN,,Assam,AS,,ug,669f5b8a7004b579f4304ebe
669f5b8a7004b579f4304ebf,"JSS Medical College, Mysore",,,,IN,,Karnataka,KA,,ug,669f5b8a7004b579f4304ebf
669f5b8a7004b579f4304ec0,"Jubilee Mission Medical College & Research Institute, Thrissur",,,,IN,,Kerala,KL,,ug,669f5b8a7004b579f4304ec0
669f5b8b7004b579f4304ec1,"K A P Viswanathan Government Medical College, Trichy",,,,IN,,Tamil Nadu,TN,,ug,669f5b8b7004b579f4304ec1
669f5b8b7004b579f4304ec2,"K S Hegde Medical Academy, Mangalore",,,,IN,,Karnataka,KA,,ug,669f5b8b7004b579f4304ec2
669f5b8b7004b579f4304ec3,"K V G Medical College, Sullia",,,,IN,,Karnataka,KA,,ug,669f5b8b7004b579f4304ec3
669f5b8b7004b579f4304ec4,"K.D. Medical College Hospital & Research Centre, Mathura",,,,IN,,Uttar Pradesh,UP,,ug,669f5b8b7004b579f4304ec4
669f5b8b7004b579f4304ec5,"Kakatiya Medical College, Wrangal",,,,IN,,Telangana,TS,,ug,669f5b8b7004b579f4304ec5
669f5b8b7004b579f4304ec6,"Kalinga Institute of Medical Sciences, Bhubaneswar",,,,IN,,Odisha,OD,,ug,669f5b8b7004b579f4304ec6
669f5b8b7004b579f4304ec7,"Kalpana Chawala Govt. Medical College, Karnal, Haryana",,,,IN,,Haryana,HR,,ug,669f5b8b7004b579f4304ec7
669f5b8b7004b579f4304ec8,"Kamineni Academy of Medical Sciences & Research Center, Hyderabad",,,,IN,,Telangana,TS,,ug,669f5b8b7004b579f4304ec8
669f5b8b7004b579f4304ec9,"Kamineni Institute of Medical Sciences, Narketpally",,,,IN,,Telangana,TS,,ug,669f5b8b7004b579f4304ec9
669f5b8b7004b579f4304eca,"Kanachur Institute of Medical Sciences, Mangalore",,,,IN,,Karnataka,KA,,ug,669f5b8b7004b579f4304eca
669f5b8b7004b579f4304ecb,"Kannur Medical College, Kannur",,,,IN,,Kerala,KL,,ug,669f5b8b7004b579f4304ecb
669f5b8b7004b579f4304ecc,"KanyaKumari Government Medical College, Asaripallam",,,,IN,,Tamil Nadu,TN,,ug,669f5b8b7004b579f4304ecc
669f5b8b7004b579f4304ecd,"Karnataka Institute of Medical Sciences, Hubli/Hubballi",,,,IN,,Karnataka,KA,,ug,669f5b8b7004b579f4304ecd
669f5b8b7004b579f4304ece,"Karpaga Vinayaga Institute of Medical Sciences,Maduranthagam",,,,IN,,Tamil Nadu,TN,,ug,669f5b8b7004b579f4304ece
669f5b8b7004b579f4304ecf,"Karpagam Faculty of Medical Sciences & Research, Coimbatore",,,,IN,,Tamil Nadu,TN,,ug,669f5b8b7004b579f4304ecf
669f5b8b7004b579f4304ed0,"Karuna Medical College, Palakkad",,,,IN,,Kerala,KL,,ug,669f5b8b7004b579f4304ed0
669f5b8b7004b579f4304ed1,"Karwar Institute of Medical Sciences, Karwar",,,,IN,,Karnataka,KA,,ug,669f5b8b7004b579f4304ed1
669f5b8b7004b579f4304ed2,"Kasturba Medical College, Mangalore",,,,IN,,Karnataka,KA,,ug,669f5b8b7004b579f4304ed2
669f5b8b7004b579f4304ed3,"Kasturba Medical College, Manipal",,,,IN,,Karnataka,KA,,ug,669f5b8b7004b579f4304ed3
669f5b8b7004b579f4304ed4,"Katihar Medical College, Katihar",,,,IN,,Bihar,BR,,ug,669f5b8b7004b579f4304ed4
669f5b8b7004b579f4304ed5,"Katuri Medical College, Guntur",Indra,Y,,IN,,Andhra Pradesh,AP,,ug,669f5b8b7004b579f4304ed5
669f5b8b7004b579f4304ed6,"Kempegowda Institute of Medical Sciences, Bangalore",,,,IN,,Karnataka,KA,,ug,669f5b8b7004b579f4304ed6
669f5b8b7004b579f4304ed7,"Khaja Bandanawaz University - Faculty of Medical Sciences, Gulbarga",,,,IN,,Karnataka,KA,,ug,669f5b8b7004b579f4304ed7
669f5b8b7004b579f4304ed8,"Kilpauk Medical College, Chennai",,,,IN,,Tamil Nadu,TN,,ug,669f5b8b7004b579f4304ed8
669f5b8b7004b579f4304ed9,"King George Medical University, Lucknow",,,,IN,,Uttar Pradesh,UP,,ug,669f5b8b7004b579f4304ed9
669f5b8b7004b579f4304eda,"KJ Somaiyya Medical College & Research Centre, Mumbai",,,,IN,,Maharashtra,MH,,ug,669f5b8b7004b579f4304eda
669f5b8b7004b579f4304edb,"KMCH Institute of Health sciences and Research, Coimbatore",,,,IN,,Tamil Nadu,TN,,ug,669f5b8b7004b579f4304edb
669f5b8b7004b579f4304edc,"KMCT Medical College,Kozhikode, Calicut",,,,IN,,Kerala,KL,,ug,669f5b8b7004b579f4304edc
669f5b8b7004b579f4304edd,"Kodagu Institute of Medical Sciences, Kodagu",,,,IN,,Karnataka,KA,,ug,669f5b8b7004b579f4304edd
669f5b8b7004b579f4304ede,"Konaseema Institute of Medical Sciences & Research Foundation, Amalapuram",Surendra,Y,,IN,,Andhra Pradesh,AP,,ug,669f5b8b7004b579f4304ede
669f5b8b7004b579f4304edf,"Koppal Institute of Medical Sciences, Koppal",,,,IN,,Karnataka,KA,,ug,669f5b8b7004b579f4304edf
669f5b8b7004b579f4304ee0,"KPC Medical College,Jadavpur,Kolkata",,,,IN,,West Bengal,WB,,ug,669f5b8b7004b579f4304ee0
669f5b8b7004b579f4304ee1,"Krishna Institute of Medical Sciences, Karad",,,,IN,,Maharashtra,MH,,ug,669f5b8b7004b579f4304ee1
669f5b8b7004b579f4304ee2,"Krishna Mohan Medical College & Hospital, Mathura",,,,IN,,Uttar Pradesh,UP,,ug,669f5b8b7004b579f4304ee2
669f5b8b7004b579f4304ee3,"Kurnool Medical College, Kurnool",,,,IN,,Andhra Pradesh,AP,,ug,669f5b8b7004b579f4304ee3
669f5b8b7004b579f4304ee4,"L.N. Medical College and Research Centre,Bhopal",,,,IN,,Madhya Pradesh,MP,,ug,669f5b8b7004b579f4304ee4
669f5b8b7004b579f4304ee5,"Lady Hardinge Medical College, New Delhi",,,,IN,,Delhi,DL,,ug,669f5b8b7004b579f4304ee5
669f5b8b7004b579f4304ee6,"Lakhimpur Medical College, Lakhimpur, Assam",,,,IN,,Assam,AS,,ug,669f5b8b7004b579f4304ee6
669f5b8b7004b579f4304ee7,"Late Shri Baliram Kashyap Memorial NDMC Govt. Medical College, Jagdalpur",,,,IN,,Chattisgarh,CG,,ug,669f5b8b7004b579f4304ee7
669f5b8b7004b579f4304ee8,"Late Shri Lakhi Ram Agrawal Memorial Govt. Medical College, Raigarh",,,,IN,,Chattisgarh,CG,,ug,669f5b8b7004b579f4304ee8
669f5b8b7004b579f4304ee9,Laxmi Chandravansi Medical College & Hospital,,,,IN,,Jharkhand,JH,,ug,669f5b8b7004b579f4304ee9
669f5b8b7004b579f4304eea,"LLRM Medical College, Meerut",,,,IN,,Uttar Pradesh,UP,,ug,669f5b8b7004b579f4304eea
669f5b8b7004b579f4304eeb,"LNCT Medical College & Sewakunj Hospital, Indore",,,,IN,,Madhya Pradesh,MP,,ug,669f5b8b7004b579f4304eeb
669f5b8b7004b579f4304eec,"Lokmanya Tilak Municipal Medical College, Sion, Mumbai",,,,IN,,Maharashtra,MH,,ug,669f5b8b7004b579f4304eec
669f5b8b7004b579f4304eed,"Lord Buddha Koshi Medical College and Hospital, Saharsa",,,,IN,,Bihar,BR,,ug,669f5b8b7004b579f4304eed
669f5b8b7004b579f4304eee,"M E S Medical College , Perintalmanna Malappuram Distt.Kerala",,,,IN,,Kerala,KL,,ug,669f5b8b7004b579f4304eee
669f5b8b7004b579f4304eef,"M G M Medical College, Indore",,,,IN,,Madhya Pradesh,MP,,ug,669f5b8b7004b579f4304eef
669f5b8b7004b579f4304ef0,"M G M Medical College, Jamshedpur",,,,IN,,Jharkhand,JH,,ug,669f5b8b7004b579f4304ef0
669f5b8b7004b579f4304ef1,"M S Ramaiah Medical College, Bangalore",,,,IN,,Karnataka,KA,,ug,669f5b8b7004b579f4304ef1
669f5b8b7004b579f4304ef2,"Madha Medical College and Hospital, Thandalam, Chennai",,,,IN,,Tamil Nadu,TN,,ug,669f5b8b7004b579f4304ef2
669f5b8b7004b579f4304ef3,"Madhubani Medical College, Madhubani",,,,IN,,Bihar,BR,,ug,669f5b8b7004b579f4304ef3
669f5b8b7004b579f4304ef4,"Madras Medical College, Chennai",,,,IN,,Tamil Nadu,TN,,ug,669f5b8b7004b579f4304ef4
669f5b8b7004b579f4304ef5,"Madurai Medical College, Madurai",,,,IN,,Tamil Nadu,TN,,ug,669f5b8b7004b579f4304ef5
669f5b8b7004b579f4304ef6,"Mahadevappa Rampure Medical College, Kalaburagi, Gulbarga",,,,IN,,Karnataka,KA,,ug,669f5b8b7004b579f4304ef6
669f5b8b7004b579f4304ef7,"Mahamaya Rajkiya Allopathic Medical College, Ambedkarnagar",,,,IN,,Uttar Pradesh,UP,,ug,669f5b8b7004b579f4304ef7
669f5b8b7004b579f4304ef8,"Maharaja Agrasen Medical College, Agroha",,,,IN,,Haryana,HR,,ug,669f5b8b7004b579f4304ef8
669f5b8b7004b579f4304ef9,"Maharajah Institute of Medical Sciences, Vizianagaram",Indra,Y,,IN,,Andhra Pradesh,AP,,ug,669f5b8b7004b579f4304ef9
669f5b8b7004b579f4304efa,"Maharani Laxmi Bai Medical College, Jhansi",,,,IN,,Uttar Pradesh,UP,,ug,669f5b8b7004b579f4304efa
669f5b8b7004b579f4304efb,"Maharashtra Institute of Medical Education & Research, Talegaon,Pune",,,,IN,,Maharashtra,MH,,ug,669f5b8b7004b579f4304efb
669f5b8b7004b579f4304efc,"Maharashtra Institute of Medical Sciences & Research, Latur",,,,IN,,Maharashtra,MH,,ug,669f5b8b7004b579f4304efc
669f5b8b7004b579f4304efd,"Maharishi Markandeshwar Institute Of Medical Sciences & Research, Mullana, Ambala",,,,IN,,Haryana,HR,,ug,669f5b8b7004b579f4304efd
669f5b8b7004b579f4304efe,"Maharishi Markandeshwar Medical College & Hospital, Solan",,,,IN,,Himachal Pradesh,HP,,ug,669f5b8b7004b579f4304efe
669f5b8b7004b579f4304eff,"Maharshi Devraha Baba Autonomous State Medical College, Deoria",,,,IN,,Uttar Pradesh,UP,,ug,669f5b8b7004b579f4304eff
669f5b8b7004b579f4304f00,"Mahatma Gandhi Institute of Medical Sciences, Sevagram, Wardha",,,,IN,,Maharashtra,MH,,ug,669f5b8b7004b579f4304f00
669f5b8b7004b579f4304f01,"Mahatma Gandhi Medical College & Research Institute, Pondicherry",,,,IN,,Pondicherry,PY,,ug,669f5b8b7004b579f4304f01
669f5b8b7004b579f4304f02,"Mahatma Gandhi Medical College and Hospital, Sitapur, Jaipur",,,,IN,,Rajasthan,RJ,,ug,669f5b8b7004b579f4304f02
669f5b8b7004b579f4304f03,"Mahatma Gandhi Missions Medical College, Aurangabad",,,,IN,,Maharashtra,MH,,ug,669f5b8b7004b579f4304f03
669f5b8b7004b579f4304f04,"Mahatma Gandhi Missions Medical College, Navi Mumbai",,,,IN,,Maharashtra,MH,,ug,669f5b8b7004b579f4304f04
669f5b8b7004b579f4304f05,"Mahaveer Institute of Medical Sciences & Research, Bhopal",,,,IN,,Madhya Pradesh,MP,,ug,669f5b8b7004b579f4304f05
669f5b8b7004b579f4304f06,"Mahavir Institute of Medical sciences, Vikarabad, Telangana",,,,IN,,Telangana,TS,,ug,669f5b8b7004b579f4304f06
669f5b8b7004b579f4304f07,"Maheshwara Medical College, Chitkul, Patancheru, Medak",,,,IN,,Telangana,TS,,ug,669f5b8b7004b579f4304f07
669f5b8b7004b579f4304f08,"Malabar Medical College, Kozhikode,Calicut",,,,IN,,Kerala,KL,,ug,669f5b8b7004b579f4304f08
669f5b8b7004b579f4304f09,"Malankara Orthodox Syrian Church Medical College, Kolenchery",,,,IN,,Kerala,KL,,ug,669f5b8b7004b579f4304f09
669f5b8b7004b579f4304f0a,"Malda Medical College & Hospital, Malda",,,,IN,,West Bengal,WB,,ug,669f5b8b7004b579f4304f0a
669f5b8b7004b579f4304f0b,"Malla Reddy Institute of Medical Sciences, Hyderabad",,,,IN,,Telangana,TS,,ug,669f5b8b7004b579f4304f0b
669f5b8b7004b579f4304f0c,"Mallareddy Medical College for Womens, Hyderabad",,,,IN,,Telangana,TS,,ug,669f5b8b7004b579f4304f0c
669f5b8b7004b579f4304f0d,"Mamata Academy of Medical Sciences, Bachupally",,,,IN,,Telangana,TS,,ug,669f5b8b7004b579f4304f0d
669f5b8b7004b579f4304f0e,"Mamata Medical College, Khammam",,,,IN,,Telangana,TS,,ug,669f5b8b7004b579f4304f0e
669f5b8b7004b579f4304f0f,"Mandya Institute of Medical Sciences, Mandya",,,,IN,,Karnataka,KA,,ug,669f5b8b7004b579f4304f0f
669f5b8b7004b579f4304f10,"Manipal Tata Medical College,Baridih Jameshedpur",,,,IN,,Jharkhand,JH,,ug,669f5b8b7004b579f4304f10
669f5b8b7004b579f4304f11,"Manyavar Kanshi Ram Ji Government Allopathic Medical College, Orai, Jalaun",,,,IN,,Uttar Pradesh,UP,,ug,669f5b8b7004b579f4304f11
669f5b8b7004b579f4304f12,"Mata Gujri Memorial Medical College, Kishanganj",,,,IN,,Bihar,BR,,ug,669f5b8b7004b579f4304f12
669f5b8b7004b579f4304f13,"Maulana Azad Medical College, New Delhi",,,,IN,,Delhi,DL,,ug,669f5b8b7004b579f4304f13
669f5b8b7004b579f4304f14,"Mayo Institute of Medical Sciences, Barabanki",,,,IN,,Uttar Pradesh,UP,,ug,669f5b8b7004b579f4304f14
669f5b8b7004b579f4304f15,"Medical College, Baroda",,,,IN,,Gujarat,GJ,,ug,669f5b8b7004b579f4304f15
669f5b8b7004b579f4304f16,"Medical College, Kolkata",,,,IN,,West Bengal,WB,,ug,669f5b8b7004b579f4304f16
669f5b8b7004b579f4304f17,"Medical College, Thiruvananthapuram",,,,IN,,Kerala,KL,,ug,669f5b8b7004b579f4304f17
669f5b8b7004b579f4304f18,"Mediciti Institute Of Medical Sciences, Ghanpur",,,,IN,,Telangana,TS,,ug,669f5b8b7004b579f4304f18
669f5b8b7004b579f4304f19,"Meenakshi Medical College and Research Institute, Enathur",,,,IN,,Tamil Nadu,TN,,ug,669f5b8b7004b579f4304f19
669f5b8b7004b579f4304f1a,Melmaruvathur Adiparasakthi Instt. Medical Sciences and Research,,,,IN,,Tamil Nadu,TN,,ug,669f5b8b7004b579f4304f1a
669f5b8c7004b579f4304f1b,"Midnapore Medical College, Midnapore",,,,IN,,West Bengal,WB,,ug,669f5b8c7004b579f4304f1b
669f5b8c7004b579f4304f1c,"MKCG Medical College, Berhampur",,,,IN,,Odisha,OD,,ug,669f5b8c7004b579f4304f1c
669f5b8c7004b579f4304f1d,"MNR Medical College & Hospital, Sangareddy",,,,IN,,Telangana,TS,,ug,669f5b8c7004b579f4304f1d
669f5b8c7004b579f4304f1e,"Mohan Kumaramangalam Medical College, Salem",,,,IN,,Tamil Nadu,TN,,ug,669f5b8c7004b579f4304f1e
669f5b8c7004b579f4304f1f,"Moti Lal Nehru Medical College, Allahabad",,,,IN,,Uttar Pradesh,UP,,ug,669f5b8c7004b579f4304f1f
669f5b8c7004b579f4304f20,"Mount Zion Medical College, Chayalode, Ezhamkulam Adoor, Pathanamthitta",,,,IN,,Kerala,KL,,ug,669f5b8c7004b579f4304f20
669f5b8c7004b579f4304f21,"MP Shah Medical College,Jamnagar",,,,IN,,Gujarat,GJ,,ug,669f5b8c7004b579f4304f21
669f5b8c7004b579f4304f22,"Murshidabad Medical College & Hospitals, Murshidabad",,,,IN,,West Bengal,WB,,ug,669f5b8c7004b579f4304f22
669f5b8c7004b579f4304f23,"Muzaffarnagar Medical College, Muzaffarnagar",,,,IN,,Uttar Pradesh,UP,,ug,669f5b8c7004b579f4304f23
669f5b8c7004b579f4304f24,"MVJ Medical College and Research Hospital, Bangalore",,,,IN,,Karnataka,KA,,ug,669f5b8c7004b579f4304f24
669f5b8c7004b579f4304f25,"Mysore Medical College and Research Instt. (Prev.name Government Medical College), Mysore",,,,IN,,Karnataka,KA,,ug,669f5b8c7004b579f4304f25
669f5b8c7004b579f4304f26,"N. K. P. Salve Instt. of Medical Sciences and Research Centre and Lata Mangeshkar Hospital, Nagpur",,,,IN,,Maharashtra,MH,,ug,669f5b8c7004b579f4304f26
669f5b8c7004b579f4304f27,"N.C. Medical College & Hospital, Panipat",,,,IN,,Haryana,HR,,ug,669f5b8c7004b579f4304f27
669f5b8c7004b579f4304f28,"Nalanda Medical College, Patna",,,,IN,,Bihar,BR,,ug,669f5b8c7004b579f4304f28
669f5b8c7004b579f4304f29,"Naraina Medical College & Research Centre, Kanpur",,,,IN,,Uttar Pradesh,UP,,ug,669f5b8c7004b579f4304f29
669f5b8c7004b579f4304f2a,"Narayan Medical College & Hospital, Sasaram",,,,IN,,Bihar,BR,,ug,669f5b8c7004b579f4304f2a
669f5b8c7004b579f4304f2b,"Narayana Medical College, Nellore",,,,IN,,Andhra Pradesh,AP,,ug,669f5b8c7004b579f4304f2b
669f5b8c7004b579f4304f2c,"National Capital Region Institute of Medical Sciences, Meerut",,,,IN,,Uttar Pradesh,UP,,ug,669f5b8c7004b579f4304f2c
669f5b8c7004b579f4304f2d,"National Institute of Medical Science & Research, Jaipur",,,,IN,,Rajasthan,RJ,,ug,669f5b8c7004b579f4304f2d
669f5b8c7004b579f4304f2e,"National Institute of Mental Health and Neuro Sciences NIMHANS, Bangalore",,,,IN,,Karnataka,KA,,ug,669f5b8c7004b579f4304f2e
669f5b8c7004b579f4304f2f,"Navodaya Medical College, Raichur",,,,IN,,Karnataka,KA,,ug,669f5b8c7004b579f4304f2f
669f5b8c7004b579f4304f30,"Netaji Subhas Medical College & Hospital, Amhara, Bihta, Patna",,,,IN,,Bihar,BR,,ug,669f5b8c7004b579f4304f30
669f5b8c7004b579f4304f31,"Netaji Subhash Chandra Bose Medical College, Jabalpur",,,,IN,,Madhya Pradesh,MP,,ug,669f5b8c7004b579f4304f31
669f5b8c7004b579f4304f32,"Nilratan Sircar Medical College, Kolkata",,,,IN,,West Bengal,WB,,ug,669f5b8c7004b579f4304f32
669f5b8c7004b579f4304f33,"Nimra Institute of Medical Sciences, Krishna Dist., A.P.",Surendra,Y,,IN,,Andhra Pradesh,AP,,ug,669f5b8c7004b579f4304f33
669f5b8c7004b579f4304f34,Noida International Institute Of Medical Sciences,,,,IN,,Uttar Pradesh,UP,,ug,669f5b8c7004b579f4304f34
669f5b8c7004b579f4304f35,"Nootan Medical College and Research Centre, Mehsana",,,,IN,,Gujarat,GJ,,ug,669f5b8c7004b579f4304f35
669f5b8c7004b579f4304f36,"North Bengal Medical College, Darjeeling",,,,IN,,West Bengal,WB,,ug,669f5b8c7004b579f4304f36
669f5b8c7004b579f4304f37,"North Delhi Muncipal Corporation Medical College, Delhi",,,,IN,,Delhi,DL,,ug,669f5b8c7004b579f4304f37
669f5b8c7004b579f4304f38,"North Eastern Indira Gandhi Regional Instt. of Health and Medical Sciences, Shillong",,,,IN,,Meghalaya,ML,,ug,669f5b8c7004b579f4304f38
669f5b8c7004b579f4304f39,"NRI Institute of Medical Sciences, Visakhapatnam",Indra,Y,,IN,,Andhra Pradesh,AP,,ug,669f5b8c7004b579f4304f39
669f5b8c7004b579f4304f3a,"NRI Medical College, Guntur",Indra,Y,,IN,,Andhra Pradesh,AP,,ug,669f5b8c7004b579f4304f3a
669f5b8c7004b579f4304f3b,"Osmania Medical College, Hyderabad",,,,IN,,Telangana,TS,,ug,669f5b8c7004b579f4304f3b
669f5b8c7004b579f4304f3c,"P E S Institute Of Medical Sciences and Research, Kuppam",,,,IN,,Andhra Pradesh,AP,,ug,669f5b8c7004b579f4304f3c
669f5b8c7004b579f4304f3d,"P K Das Institute of Medical Sciences, Palakkad, Kerala",,,,IN,,Kerala,KL,,ug,669f5b8c7004b579f4304f3d
669f5b8c7004b579f4304f3e,"Pacific Institute of Medical Sciences, Umarda, Udaipur",,,,IN,,Rajasthan,RJ,,ug,669f5b8c7004b579f4304f3e
669f5b8c7004b579f4304f3f,"Pacific Medical College & Hospital, Bhilo Ka Bedla, Udaipur",,,,IN,,Rajasthan,RJ,,ug,669f5b8c7004b579f4304f3f
669f5b8c7004b579f4304f40,"Padmashree Dr. D.Y.Patil Medical College, Navi Mumbai",,,,IN,,Maharashtra,MH,,ug,669f5b8c7004b579f4304f40
669f5b8c7004b579f4304f41,"Padmashri Dr. Vithalrao Vikhe Patil Foundations Medical College & Hospital, Ahmednagar",,,,IN,,Maharashtra,MH,,ug,669f5b8c7004b579f4304f41
669f5b8c7004b579f4304f42,"Palamu Medical College, Palamu",,,,IN,,Jharkhand,JH,,ug,669f5b8c7004b579f4304f42
669f5b8c7004b579f4304f43,"Pandit Deendayal Upadhyay Medical College, Rajkot",,,,IN,,Gujarat,GJ,,ug,669f5b8c7004b579f4304f43
669f5b8c7004b579f4304f44,"Panimalar Medical College Hospital & Research Institute, Chennai,Tamil Nadu",,,,IN,,Tamil Nadu,TN,,ug,669f5b8c7004b579f4304f44
669f5b8c7004b579f4304f45,"Parul Institute of Medical Sciences & Research, Vadodara",,,,IN,,Gujarat,GJ,,ug,669f5b8c7004b579f4304f45
669f5b8c7004b579f4304f46,"Patliputra Medical College, Dhanbad",,,,IN,,Jharkhand,JH,,ug,669f5b8c7004b579f4304f46
669f5b8c7004b579f4304f47,"Patna Medical College, Patna",,,,IN,,Bihar,BR,,ug,669f5b8c7004b579f4304f47
669f5b8c7004b579f4304f48,"Peoples College of Medical Sciences & Research Centre, Bhanpur, Bhopal",,,,IN,,Madhya Pradesh,MP,,ug,669f5b8c7004b579f4304f48
669f5b8c7004b579f4304f49,"PGIMER Dr. RML Hospital, New Delhi",,,,IN,,Delhi,DL,,ug,669f5b8c7004b579f4304f49
669f5b8c7004b579f4304f4a,"Pondicherry Institute of Medical Sciences & Research, Pondicherry",,,,IN,,Pondicherry,PY,,ug,669f5b8c7004b579f4304f4a
669f5b8c7004b579f4304f4b,Prafulla Chandra Sen Government Medical College,,,,IN,,West Bengal,WB,,ug,669f5b8c7004b579f4304f4b
669f5b8c7004b579f4304f4c,"Prakash Institute of Medical Sciences & Research, Sangli",,,,IN,,Maharashtra,MH,,ug,669f5b8c7004b579f4304f4c
669f5b8c7004b579f4304f4d,"Pramukhswami Medical College, Karmsad",,,,IN,,Gujarat,GJ,,ug,669f5b8c7004b579f4304f4d
669f5b8c7004b579f4304f4e,"Prasad Institute of Medical Sciences, Lucknow",,,,IN,,Uttar Pradesh,UP,,ug,669f5b8c7004b579f4304f4e
669f5b8c7004b579f4304f4f,"Prathima Institute Of Medical Sciences, Karimnagar",,,,IN,,Telangana,TS,,ug,669f5b8c7004b579f4304f4f
669f5b8c7004b579f4304f50,"PSG Institute of Medical Sciences, Coimbatore",,,,IN,,Tamil Nadu,TN,,ug,669f5b8c7004b579f4304f50
669f5b8c7004b579f4304f51,"Pt. B D Sharma Postgraduate Institute of Medical Sciences, Rohtak (Haryana)",,,,IN,,Haryana,HR,,ug,669f5b8c7004b579f4304f51
669f5b8c7004b579f4304f52,"Pt. J N M Medical College, Raipur",,,,IN,,Chattisgarh,CG,,ug,669f5b8c7004b579f4304f52
669f5b8c7004b579f4304f53,"Pt. Jawahar Lal Nehru Government Medical College, Chamba",,,,IN,,Himachal Pradesh,HP,,ug,669f5b8c7004b579f4304f53
669f5b8c7004b579f4304f54,"Pt. Raghunath Murmu Medical College and Hospital, Baripada, Odisha",,,,IN,,Odisha,OD,,ug,669f5b8c7004b579f4304f54
669f5b8c7004b579f4304f55,"Punjab Institute of Medical Sciences, Jalandhar",,,,IN,,Punjab,PB,,ug,669f5b8c7004b579f4304f55
669f5b8c7004b579f4304f56,"Pushpagiri Institute Of Medical Sciences and Research Centre, Tiruvalla",,,,IN,,Kerala,KL,,ug,669f5b8c7004b579f4304f56
669f5b8c7004b579f4304f57,"R N T Medical College, Udaipur",,,,IN,,Rajasthan,RJ,,ug,669f5b8c7004b579f4304f57
669f5b8c7004b579f4304f58,"R.V.M. Institute of Medical Sciences and Research Centre, Siddipet",,,,IN,,Telangana,TS,,ug,669f5b8c7004b579f4304f58
669f5b8c7004b579f4304f59,Radha Devi Jageshwari Memorial Medical College and Hospital,,,,IN,,Bihar,BR,,ug,669f5b8c7004b579f4304f59
669f5b8c7004b579f4304f5a,"Raichur Institute of Medical Sciences,Raichur",,,,IN,,Karnataka,KA,,ug,669f5b8c7004b579f4304f5a
669f5b8c7004b579f4304f5b,"Raiganj Government Medical College & Hospital, Raiganj",,,,IN,,West Bengal,WB,,ug,669f5b8c7004b579f4304f5b
669f5b8c7004b579f4304f5c,"Raipur Institute of Medical Sciences (RIMS), Raipur",,,,IN,,Chattisgarh,CG,,ug,669f5b8c7004b579f4304f5c
669f5b8c7004b579f4304f5d,"Rajah Muthiah Medical College, Annamalainagar",,,,IN,,Tamil Nadu,TN,,ug,669f5b8c7004b579f4304f5d
669f5b8c7004b579f4304f5e,"Rajarajeswari Medical College & Hospital, Bangalore",,,,IN,,Karnataka,KA,,ug,669f5b8c7004b579f4304f5e
669f5b8c7004b579f4304f5f,"Rajashree Chatrapati Shahu Maharaj Government Medical College, Kolhapur",,,,IN,,Maharashtra,MH,,ug,669f5b8c7004b579f4304f5f
669f5b8c7004b579f4304f60,"Rajendra Institute of Medical Sciences, Ranchi",,,,IN,,Jharkhand,JH,,ug,669f5b8c7004b579f4304f60
669f5b8c7004b579f4304f61,"Rajiv Gandhi Institute of Medical Sciences, adilabad",,,,IN,,Telangana,TS,,ug,669f5b8c7004b579f4304f61
669f5b8c7004b579f4304f62,"Rajiv Gandhi Institute of Medical Sciences, Kadapa",,,,IN,,Andhra Pradesh,AP,,ug,669f5b8c7004b579f4304f62
669f5b8c7004b579f4304f63,"Rajiv Gandhi Institute of Medical Sciences, Srikakulam",Surendra,Y,,IN,,Andhra Pradesh,AP,,ug,669f5b8c7004b579f4304f63
669f5b8c7004b579f4304f64,"Rajiv Gandhi Institute of Medical Sciences,Ongole, AP",Surendra,Y,,IN,,Andhra Pradesh,AP,,ug,669f5b8c7004b579f4304f64
669f5b8c7004b579f4304f65,"Rajiv Gandhi Medical College and Chhatrapati Shivaji Maharaj Hospital, Thane",,,,IN,,Maharashtra,MH,,ug,669f5b8c7004b579f4304f65
669f5b8c7004b579f4304f66,"Rajshree Medical Research Institute, Bareilly",,,,IN,,Uttar Pradesh,UP,,ug,669f5b8c7004b579f4304f66
669f5b8c7004b579f4304f67,"Rama Medical College and Hospital , Kanpur",,,,IN,,Uttar Pradesh,UP,,ug,669f5b8c7004b579f4304f67
669f5b8c7004b579f4304f68,"Rama Medical College Hospital and Research Centre, Hapur",,,,IN,,Uttar Pradesh,UP,,ug,669f5b8c7004b579f4304f68
669f5b8c7004b579f4304f69,"Rampurhat Government Medical College & Hospital, Rampurhat",,,,IN,,West Bengal,WB,,ug,669f5b8c7004b579f4304f69
669f5b8c7004b579f4304f6a,"Rangaraya Medical College, Kakinada",Indra,Y,,IN,,Andhra Pradesh,AP,,ug,669f5b8c7004b579f4304f6a
669f5b8c7004b579f4304f6b,"Regional Institute of Medical Sciences, Imphal",,,,IN,,Manipur,MN,,ug,669f5b8c7004b579f4304f6b
669f5b8c7004b579f4304f6c,"RG Kar Medical College, Kolkata",,,,IN,,West Bengal,WB,,ug,669f5b8c7004b579f4304f6c
669f5b8c7004b579f4304f6d,"RKDF Medical College Hospital & Research Centre, Jatkhedi, Bhopal",,,,IN,,Madhya Pradesh,MP,,ug,669f5b8c7004b579f4304f6d
669f5b8c7004b579f4304f6e,"Rohilkhand Medical College & Hospital, Bareilly",,,,IN,,Uttar Pradesh,UP,,ug,669f5b8c7004b579f4304f6e
669f5b8c7004b579f4304f6f,"RUHS College of Medical Sciences, Jaipur",,,,IN,,Rajasthan,RJ,,ug,669f5b8c7004b579f4304f6f
669f5b8c7004b579f4304f70,"Rural Medical College, Loni",,,,IN,,Maharashtra,MH,,ug,669f5b8c7004b579f4304f70
669f5b8c7004b579f4304f71,"Ruxmaniben Deepchand Gardi Medical College, Ujjain",,,,IN,,Madhya Pradesh,MP,,ug,669f5b8c7004b579f4304f71
669f5b8c7004b579f4304f72,"S N Medical College, Agra",,,,IN,,Uttar Pradesh,UP,,ug,669f5b8c7004b579f4304f72
669f5b8c7004b579f4304f73,"S S Institute of Medical Sciences& Research Centre, Davangere",,,,IN,,Karnataka,KA,,ug,669f5b8c7004b579f4304f73
669f5b8c7004b579f4304f74,"S V Medical College, Tirupati",,,,IN,,Andhra Pradesh,AP,,ug,669f5b8c7004b579f4304f74
669f5b8c7004b579f4304f75,"S V S Medical College, Mehboobnagar",,,,IN,,Telangana,TS,,ug,669f5b8c7004b579f4304f75
669f5b8c7004b579f4304f76,"S. Nijalingappa Medical College & HSK Hospital & Research Centre, Bagalkot",,,,IN,,Karnataka,KA,,ug,669f5b8c7004b579f4304f76
669f5b8d7004b579f4304f77,"Saheed Laxman Nayak Medical College & Hospital, Koraput",,,,IN,,Odisha,OD,,ug,669f5b8d7004b579f4304f77
669f5b8d7004b579f4304f78,"Santhiram Medical College, Nandyal",,,,IN,,Andhra Pradesh,AP,,ug,669f5b8d7004b579f4304f78
669f5b8d7004b579f4304f79,"Santiniketan Medical College, Bolpur, West Bengal",,,,IN,,West Bengal,WB,,ug,669f5b8d7004b579f4304f79
669f5b8d7004b579f4304f7a,"Santosh Medical College, Ghaziabad",,,,IN,,Uttar Pradesh,UP,,ug,669f5b8d7004b579f4304f7a
669f5b8d7004b579f4304f7b,"Sapthagiri Institute of Medical Sciences & Research Centre, Bangalore",,,,IN,,Karnataka,KA,,ug,669f5b8d7004b579f4304f7b
669f5b8d7004b579f4304f7c,"Saraswati Institute of Medical Sciences, Hapur",,,,IN,,Uttar Pradesh,UP,,ug,669f5b8d7004b579f4304f7c
669f5b8d7004b579f4304f7d,"Saraswati Medical College, Unnao, U.P.",,,,IN,,Uttar Pradesh,UP,,ug,669f5b8d7004b579f4304f7d
669f5b8d7004b579f4304f7e,"Sarat Chandra Chattopadhyay Government Medical College & Hospital, Uluberia",,,,IN,,West Bengal,WB,,ug,669f5b8d7004b579f4304f7e
669f5b8d7004b579f4304f7f,"Sardar Patel Medical College, Bikaner",,,,IN,,Rajasthan,RJ,,ug,669f5b8d7004b579f4304f7f
669f5b8d7004b579f4304f80,"Sardar Rajas Medical College, Hospital and Research Centre, Jaring, Kalahandi",,,,IN,,Odisha,OD,,ug,669f5b8d7004b579f4304f80
669f5b8d7004b579f4304f81,"Saveetha Medical College and Hospital, Kanchipuram",,,,IN,,Tamil Nadu,TN,,ug,669f5b8d7004b579f4304f81
669f5b8d7004b579f4304f82,"SBKS Medical Institute & Research Centre, Vadodara",,,,IN,,Gujarat,GJ,,ug,669f5b8d7004b579f4304f82
669f5b8d7004b579f4304f83,"SCB Medical College, Cuttack",,,,IN,,Odisha,OD,,ug,669f5b8d7004b579f4304f83
669f5b8d7004b579f4304f84,"School of Medical Sciences & Research,Greater Noida",,,,IN,,Uttar Pradesh,UP,,ug,669f5b8d7004b579f4304f84
669f5b8d7004b579f4304f85,"SDM College of Medical Sciences & Hospital, Sattur, Dharwad",,,,IN,,Karnataka,KA,,ug,669f5b8d7004b579f4304f85
669f5b8d7004b579f4304f86,"Seth GS Medical College, Mumbai",,,,IN,,Maharashtra,MH,,ug,669f5b8d7004b579f4304f86
669f5b8d7004b579f4304f87,"Shadan Institute of Medical Sciences,Research Centre and Teaching Hospital, Peerancheru",,,,IN,,Telangana,TS,,ug,669f5b8d7004b579f4304f87
669f5b8d7004b579f4304f88,"Shaheed Hasan Khan Mewati Government Medical College, Nalhar",,,,IN,,Haryana,HR,,ug,669f5b8d7004b579f4304f88
669f5b8d7004b579f4304f89,"Shaikh-UL-Hind Maulana Mahmood Hasan Medical College, Saharanpur",,,,IN,,Uttar Pradesh,UP,,ug,669f5b8d7004b579f4304f89
669f5b8d7004b579f4304f8a,"Shantabaa Medical College & General Hospital, Amreli",,,,IN,,Gujarat,GJ,,ug,669f5b8d7004b579f4304f8a
669f5b8d7004b579f4304f8b,"Sher-I-Kashmir Instt. Of Medical Sciences, Srinagar",,,,IN,,Jammu and Kashmir,JK,,ug,669f5b8d7004b579f4304f8b
669f5b8d7004b579f4304f8c,"Shija Academy of Health Sciences, Imphal, Manipur",,,,IN,,Manipur,MN,,ug,669f5b8d7004b579f4304f8c
669f5b8d7004b579f4304f8d,"Shimoga Institute of Medical Sciences,Shimoga",,,,IN,,Karnataka,KA,,ug,669f5b8d7004b579f4304f8d
669f5b8d7004b579f4304f8e,Shree Narayan Medical Institute and Hospital,,,,IN,,Bihar,BR,,ug,669f5b8d7004b579f4304f8e
669f5b8d7004b579f4304f8f,"Shri Atal Bihari Vajpayee Government Medical College, Faridabad",,,,IN,,Haryana,HR,,ug,669f5b8d7004b579f4304f8f
669f5b8d7004b579f4304f90,"Shri B M Patil Medical College, Hospital & Research Centre, Vijayapura(Bijapur)",,,,IN,,Karnataka,KA,,ug,669f5b8d7004b579f4304f90
669f5b8d7004b579f4304f91,Shri Balaji Institute of Medical Science,,,,IN,,Chattisgarh,CG,,ug,669f5b8d7004b579f4304f91
669f5b8d7004b579f4304f92,"Shri Guru Ram Rai Institute of Medical & Health Sciences, Dehradun",,,,IN,,Uttarakhand,UK,,ug,669f5b8d7004b579f4304f92
669f5b8d7004b579f4304f93,"Shri Kalyan Govt. Medical College, Sikar, Rajasthan",,,,IN,,Rajasthan,RJ,,ug,669f5b8d7004b579f4304f93
669f5b8d7004b579f4304f94,"Shri Krishna Medical College, Muzzafarpur",,,,IN,,Bihar,BR,,ug,669f5b8d7004b579f4304f94
669f5b8d7004b579f4304f95,"Shri Lal Bahadur Shastri Government Medical College, Mandi, HP",,,,IN,,Himachal Pradesh,HP,,ug,669f5b8d7004b579f4304f95
669f5b8d7004b579f4304f96,"Shri Ram Murti Smarak Institute of Medical Sciences, Bareilly",,,,IN,,Uttar Pradesh,UP,,ug,669f5b8d7004b579f4304f96
669f5b8d7004b579f4304f97,"Shri Ramkrishna Institute of Medical Sciences & Sanaka Hospitals, Durgapur",,,,IN,,West Bengal,WB,,ug,669f5b8d7004b579f4304f97
669f5b8d7004b579f4304f98,"Shri Satya Sai Medical College and Research Institute, Kancheepuram",,,,IN,,Tamil Nadu,TN,,ug,669f5b8d7004b579f4304f98
669f5b8d7004b579f4304f99,"Shri Shankaracharya Institute of Medical Sciences, Bhilai",,,,IN,,Chattisgarh,CG,,ug,669f5b8d7004b579f4304f99
669f5b8d7004b579f4304f9a,"Shri Vasant Rao Naik Govt. Medical College, Yavatmal",,,,IN,,Maharashtra,MH,,ug,669f5b8d7004b579f4304f9a
669f5b8d7004b579f4304f9b,"Shri Vinoba Bhave Institute of Medical Sciences, (Govt. Medical College) Silvassa, U.T",,,,IN,,Dadra and Nagar Haveli,DN,,ug,669f5b8d7004b579f4304f9b
669f5b8d7004b579f4304f9c,"Shridevi Institute of Medical Sciences & Research Hospital, Tumkur",,,,IN,,Karnataka,KA,,ug,669f5b8d7004b579f4304f9c
669f5b8d7004b579f4304f9d,"Shyam Shah Medical College, Rewa",,,,IN,,Madhya Pradesh,MP,,ug,669f5b8d7004b579f4304f9d
669f5b8d7004b579f4304f9e,"Siddaganga Medical College and Research Institute, Tumakuru",,,,IN,,Karnataka,KA,,ug,669f5b8d7004b579f4304f9e
669f5b8d7004b579f4304f9f,"Sikkim Manipal Institute of Medical Sciences, Gangtok",,,,IN,,Sikkim,SK,,ug,669f5b8d7004b579f4304f9f
669f5b8d7004b579f4304fa0,"Silchar Medical College, Silchar",,,,IN,,Assam,AS,,ug,669f5b8d7004b579f4304fa0
669f5b8d7004b579f4304fa1,"Sindhudurg Shikshan Prasarak Mandal (SSPM) Medical College & Lifetime Hospital, Padave, Sindhudurg",,,,IN,,Maharashtra,MH,,ug,669f5b8d7004b579f4304fa1
669f5b8d7004b579f4304fa2,"SMBT Institute of Medical Sciences & Research Centre, Nandihills, Nashik",,,,IN,,Maharashtra,MH,,ug,669f5b8d7004b579f4304fa2
669f5b8d7004b579f4304fa3,"SMS Medical College, Jaipur",,,,IN,,Rajasthan,RJ,,ug,669f5b8d7004b579f4304fa3
669f5b8d7004b579f4304fa4,"Smt. Kashibai Navale Medical College and General Hospital,Pune",,,,IN,,Maharashtra,MH,,ug,669f5b8d7004b579f4304fa4
669f5b8d7004b579f4304fa5,"Smt. N.H.L.Municipal Medical College, Ahmedabad",,,,IN,,Gujarat,GJ,,ug,669f5b8d7004b579f4304fa5
669f5b8d7004b579f4304fa6,"Soban Singh Jeena Government institute of Medical science & Research, Almora",,,,IN,,Uttarakhand,UK,,ug,669f5b8d7004b579f4304fa6
669f5b8d7004b579f4304fa7,"Sree Balaji Medical College and Hospital, Chennai",,,,IN,,Tamil Nadu,TN,,ug,669f5b8d7004b579f4304fa7
669f5b8d7004b579f4304fa8,"Sree Gokulam Medical College Trust & Research Foundation, Trivandrum",,,,IN,,Kerala,KL,,ug,669f5b8d7004b579f4304fa8
669f5b8d7004b579f4304fa9,"Sree Mookambika Institute of Medical Sciences, Kanyakumari",,,,IN,,Tamil Nadu,TN,,ug,669f5b8d7004b579f4304fa9
669f5b8d7004b579f4304faa,"Sree Narayana Instt. of Medical Sciences, Chalakka,Ernakulam",,,,IN,,Kerala,KL,,ug,669f5b8d7004b579f4304faa
669f5b8d7004b579f4304fab,"Sree Uthradom Thiurnal Academy of Medical Sciences,Trivandrum",,,,IN,,Kerala,KL,,ug,669f5b8d7004b579f4304fab
669f5b8d7004b579f4304fac,"Sri Aurobindo Medical College and Post Graduate Institute , Indore",,,,IN,,Madhya Pradesh,MP,,ug,669f5b8d7004b579f4304fac
669f5b8d7004b579f4304fad,"Sri Bhausaheb Hire Government Medical College, Dhule",,,,IN,,Maharashtra,MH,,ug,669f5b8d7004b579f4304fad
669f5b8d7004b579f4304fae,"Sri Devaraj URS Medical College, Kolar",,,,IN,,Karnataka,KA,,ug,669f5b8d7004b579f4304fae
669f5b8d7004b579f4304faf,"Sri Guru Ram Das Institute of Medical Sciences and Research, Sri Amritsar",,,,IN,,Punjab,PB,,ug,669f5b8d7004b579f4304faf
669f5b8d7004b579f4304fb0,"Sri Jagannath Medical College & Hospital, Puri",,,,IN,,Odisha,OD,,ug,669f5b8d7004b579f4304fb0
669f5b8d7004b579f4304fb1,"Sri Lakshmi Narayana Institute of Medical Sciences, Pondicherry",,,,IN,,Pondicherry,PY,,ug,669f5b8d7004b579f4304fb1
669f5b8d7004b579f4304fb2,"Sri Manakula Vinayagar Medical College & Hospital, Pondicherry",,,,IN,,Pondicherry,PY,,ug,669f5b8d7004b579f4304fb2
669f5b8d7004b579f4304fb3,"Sri Muthukumaran Medical College,Chennai",,,,IN,,Tamil Nadu,TN,,ug,669f5b8d7004b579f4304fb3
669f5b8d7004b579f4304fb4,"Sri Ramachandra Medical College & Research Institute, Chennai",,,,IN,,Tamil Nadu,TN,,ug,669f5b8d7004b579f4304fb4
669f5b8d7004b579f4304fb5,"Sri siddhartha Institute of Medical Sciences & Research Centre, Bangalore",,,,IN,,Karnataka,KA,,ug,669f5b8d7004b579f4304fb5
669f5b8d7004b579f4304fb6,"Sri Siddhartha Medical College, Tumkur",,,,IN,,Karnataka,KA,,ug,669f5b8d7004b579f4304fb6
669f5b8d7004b579f4304fb7,"Sri Venkateswaraa Medical College Hospital and Research Institute, Nallur, Redhills",,,,IN,,Tamil Nadu,TN,,ug,669f5b8d7004b579f4304fb7
669f5b8d7004b579f4304fb8,"Sri Venkateswaraa Medical College, Hospital & Research Centre, Pondicherry",,,,IN,,Pondicherry,PY,,ug,669f5b8d7004b579f4304fb8
669f5b8d7004b579f4304fb9,"Sridev Suman Subharti Medical College, Dehradun",,,,IN,,Uttarakhand,UK,,ug,669f5b8d7004b579f4304fb9
669f5b8d7004b579f4304fba,"Srinivas Institute of Medical Research Centre, Srinivasnagar",,,,IN,,Karnataka,KA,,ug,669f5b8d7004b579f4304fba
669f5b8d7004b579f4304fbb,Srinivasan Medical College and Hospital,,,,IN,,Tamil Nadu,TN,,ug,669f5b8d7004b579f4304fbb
669f5b8d7004b579f4304fbc,"SRM Medical College Hospital & Research Centre, Kancheepuram",,,,IN,,Tamil Nadu,TN,,ug,669f5b8d7004b579f4304fbc
669f5b8d7004b579f4304fbd,"SRTR Medical College, Ambajogai",,,,IN,,Maharashtra,MH,,ug,669f5b8d7004b579f4304fbd
669f5b8d7004b579f4304fbe,"ST Peters Medical College, Hospital & Research Institute",,,,IN,,Tamil Nadu,TN,,ug,669f5b8d7004b579f4304fbe
669f5b8d7004b579f4304fbf,"St. Johns Medical College, Bangalore",,,,IN,,Karnataka,KA,,ug,669f5b8d7004b579f4304fbf
669f5b8d7004b579f4304fc0,"Stanley Medical College, Chennai",,,,IN,,Tamil Nadu,TN,,ug,669f5b8d7004b579f4304fc0
669f5b8d7004b579f4304fc1,"Subbaiah Institute of Medical Sciences, Shimoga, Karnataka",,,,IN,,Karnataka,KA,,ug,669f5b8d7004b579f4304fc1
669f5b8d7004b579f4304fc2,"Subharti Medical College, Meerut",,,,IN,,Uttar Pradesh,UP,,ug,669f5b8d7004b579f4304fc2
669f5b8d7004b579f4304fc3,"Sukh Sagar Medical College & Hospital, Jabalpur",,,,IN,,Madhya Pradesh,MP,,ug,669f5b8d7004b579f4304fc3
669f5b8d7004b579f4304fc4,"Surabhi Institute of Medical Sciences, Siddipet, Telangana",,,,IN,,Telangana,TS,,ug,669f5b8d7004b579f4304fc4
669f5b8d7004b579f4304fc5,"Surat Municipal Institute of Medical Education & Research, Surat",,,,IN,,Gujarat,GJ,,ug,669f5b8d7004b579f4304fc5
669f5b8d7004b579f4304fc6,"SVIMS - Sri Padmavathi Medical College for Women, Alipiri Road, Tirupati",,,,IN,,Andhra Pradesh,AP,,ug,669f5b8d7004b579f4304fc6
669f5b8d7004b579f4304fc7,"Symbiosis Medical College for Women, Pune",,,,IN,,Maharashtra,MH,,ug,669f5b8d7004b579f4304fc7
669f5b8d7004b579f4304fc8,"T D Medical College, Alleppey (Allappuzha)",,,,IN,,Kerala,KL,,ug,669f5b8d7004b579f4304fc8
669f5b8d7004b579f4304fc9,"T S Misra Medical College & Hospital, Amusi, Lucknow",,,,IN,,Uttar Pradesh,UP,,ug,669f5b8d7004b579f4304fc9
669f5b8d7004b579f4304fca,"Tagore Medical College and Hospital, Chennai",,,,IN,,Tamil Nadu,TN,,ug,669f5b8d7004b579f4304fca
669f5b8d7004b579f4304fcb,Tamralipto Government Medical College & Hospital,,,,IN,,West Bengal,WB,,ug,669f5b8d7004b579f4304fcb
669f5b8d7004b579f4304fcc,"Teerthanker Mahaveer Medical College, Moradabad",,,,IN,,Uttar Pradesh,UP,,ug,669f5b8d7004b579f4304fcc
669f5b8d7004b579f4304fcd,"Terna Medical College, Navi Mumbai",,,,IN,,Maharashtra,MH,,ug,669f5b8d7004b579f4304fcd
669f5b8d7004b579f4304fce,"Tezpur Medical College & Hospital, Tezpur",,,,IN,,Assam,AS,,ug,669f5b8d7004b579f4304fce
669f5b8d7004b579f4304fcf,"Thanjavur Medical College,Thanjavur",,,,IN,,Tamil Nadu,TN,,ug,669f5b8d7004b579f4304fcf
669f5b8d7004b579f4304fd0,"The Oxford Medical College, Hospital & Research Centre, Bangalore",,,,IN,,Karnataka,KA,,ug,669f5b8d7004b579f4304fd0
669f5b8d7004b579f4304fd1,"Theni Government Medical College,Theni",,,,IN,,Tamil Nadu,TN,,ug,669f5b8d7004b579f4304fd1
669f5b8d7004b579f4304fd2,"Thiruvarur Govt. Medical College, Thiruvarur",,,,IN,,Tamil Nadu,TN,,ug,669f5b8d7004b579f4304fd2
669f5b8d7004b579f4304fd3,"Thoothukudi Medical College, Thoothukudi",,,,IN,,Tamil Nadu,TN,,ug,669f5b8d7004b579f4304fd3
669f5b8d7004b579f4304fd4,"Tirunelveli Medical College,Tirunelveli",,,,IN,,Tamil Nadu,TN,,ug,669f5b8d7004b579f4304fd4
669f5b8d7004b579f4304fd5,"Tomo Riba Institute of Health & Medical Sciences, Naharlagun",,,,IN,,Arunachal Pradesh,AR,,ug,669f5b8d7004b579f4304fd5
669f5b8d7004b579f4304fd6,"Topiwala National Medical College, Mumbai",,,,IN,,Maharashtra,MH,,ug,669f5b8d7004b579f4304fd6
669f5b8e7004b579f4304fd7,"Travancore Medical College, Kollam",,,,IN,,Kerala,KL,,ug,669f5b8e7004b579f4304fd7
669f5b8e7004b579f4304fd8,"Trichy SRM Medical College Hospital & Research Centre, Trichy",,,,IN,,Tamil Nadu,TN,,ug,669f5b8e7004b579f4304fd8
669f5b8e7004b579f4304fd9,"Tripura Medical College and Dr. B R A M Teaching Hospital, Agartala",,,,IN,,Tripura,TR,,ug,669f5b8e7004b579f4304fd9
669f5b8e7004b579f4304fda,"TRR Institute of Medical Sciences, patancheru",,,,IN,,Telangana,TS,,ug,669f5b8e7004b579f4304fda
669f5b8e7004b579f4304fdb,Uma Nath Singh Autonomous State Medical College Society Jaunpur,,,,IN,,Uttar Pradesh,UP,,ug,669f5b8e7004b579f4304fdb
669f5b8e7004b579f4304fdc,"United Institute of Medical Sciences, Allahabad",,,,IN,,Uttar Pradesh,UP,,ug,669f5b8e7004b579f4304fdc
669f5b8e7004b579f4304fdd,"University College of Medical Sciences & GTB Hospital, New Delhi",,,,IN,,Delhi,DL,,ug,669f5b8e7004b579f4304fdd
669f5b8e7004b579f4304fde,"Uttar Pradesh University of Medical Sciences, (Prev. UP Rural Inst.of Med.Sc&R) Etawah",,,,IN,,Uttar Pradesh,UP,,ug,669f5b8e7004b579f4304fde
669f5b8e7004b579f4304fdf,"Vardhman Institute of Medical Sciences, Pawapuri, Nalanda",,,,IN,,Bihar,BR,,ug,669f5b8e7004b579f4304fdf
669f5b8e7004b579f4304fe0,"Vardhman Mahavir Medical College & Safdarjung Hospital, Delhi",,,,IN,,Delhi,DL,,ug,669f5b8e7004b579f4304fe0
669f5b8e7004b579f4304fe1,"Varun Arjun Medical College, Banthra, Shahjahanpur",,,,IN,,Uttar Pradesh,UP,,ug,669f5b8e7004b579f4304fe1
669f5b8e7004b579f4304fe2,"Vedantaa Institute of Medical Sciences, Palghar, Maharashtra",,,,IN,,Maharashtra,MH,,ug,669f5b8e7004b579f4304fe2
669f5b8e7004b579f4304fe3,"Veer Chandra Singh Garhwali Govt. Medical Sc. & Research Instt, Srinagar, Pauri Garhwal",,,,IN,,Uttarakhand,UK,,ug,669f5b8e7004b579f4304fe3
669f5b8e7004b579f4304fe4,"Veer Surendra Sai Institute of Medical Sciences and Research, Burla",,,,IN,,Odisha,OD,,ug,669f5b8e7004b579f4304fe4
669f5b8e7004b579f4304fe5,"Velammal Medical College Hospital and Research Institute, Madurai",,,,IN,,Tamil Nadu,TN,,ug,669f5b8e7004b579f4304fe5
669f5b8e7004b579f4304fe6,VELS Medical College & Hospital,,,,IN,,Tamil Nadu,TN,,ug,669f5b8e7004b579f4304fe6
669f5b8e7004b579f4304fe7,"Venkateshwara Institute of Medical Sciences, Gajraula",,,,IN,,Uttar Pradesh,UP,,ug,669f5b8e7004b579f4304fe7
669f5b8e7004b579f4304fe8,"Vijaynagar Institute of Medical Sciences, Bellary",,,,IN,,Karnataka,KA,,ug,669f5b8e7004b579f4304fe8
669f5b8e7004b579f4304fe9,"Vinayaka Missions Kirupananda Variyar Medical College, Salem",,,,IN,,Tamil Nadu,TN,,ug,669f5b8e7004b579f4304fe9
669f5b8e7004b579f4304fea,"Vinayaka Missions Medical College, Karaikal, Pondicherry",,,,IN,,Pondicherry,PY,,ug,669f5b8e7004b579f4304fea
669f5b8e7004b579f4304feb,"Viswabharathi Medical College, Kurnool",,,,IN,,Andhra Pradesh,AP,,ug,669f5b8e7004b579f4304feb
669f5b8e7004b579f4304fec,"Vydehi Institute Of Medical Sciences & Research Centre, Bangalore",,,,IN,,Karnataka,KA,,ug,669f5b8e7004b579f4304fec
669f5b8e7004b579f4304fed,"World College of Medical Sciences & Researc, Jhajjar, Haryana",,,,IN,,Haryana,HR,,ug,669f5b8e7004b579f4304fed
669f5b8e7004b579f4304fee,"Yadgiri Institute of Medical Sciences, Yadgiri",,,,IN,,Karnataka,KA,,ug,669f5b8e7004b579f4304fee
669f5b8e7004b579f4304fef,"Yenepoya Medical College, Mangalore",,,,IN,,Karnataka,KA,,ug,669f5b8e7004b579f4304fef
669f5b8e7004b579f4304ff0,"Zoram Medical College, Mizoram",,,,IN,,Mizoram,MZ,,ug,669f5b8e7004b579f4304ff0
669f5b8e7004b579f4304ff1,"Zydus Medical College & Hospital, Dahod",,,,IN,,Gujarat,GJ,,ug,669f5b8e7004b579f4304ff1
669f5b8e7004b579f4304ff2,"JMN Medical College, Nadia",,,,IN,,West Bengal,WB,,ug,669f5b8e7004b579f4304ff2
669f5b8e7004b579f4304ff3,"Government Medical College, Purnea",,,,IN,,Bihar,BR,,ug,669f5b8e7004b579f4304ff3
669f5b8e7004b579f4304ff4,"JIS School of Medical Science & Research, Howrah",,,,IN,,West Bengal,WB,,ug,669f5b8e7004b579f4304ff4
669f5b8e7004b579f4304ff5,Kokrajhar Medical College and Hospital,,,,IN,,Assam,AS,,ug,669f5b8e7004b579f4304ff5
669f5b8e7004b579f4304ff6,Nagaon Medical College,,,,IN,,Assam,AS,,ug,669f5b8e7004b579f4304ff6
669f5b8e7004b579f4304ff7,"Nalbari Medical College, Nalbari",,,,IN,,Assam,AS,,ug,669f5b8e7004b579f4304ff7
669f5b8e7004b579f4304ff8,Nagaland Institute of Medical Sciences & Research,,,,IN,,Nagaland,NL,,ug,669f5b8e7004b579f4304ff8
669f5b8e7004b579f4304ff9,"Government Medical College and Hospital, Bhawanipatna",,,,IN,,Odisha,OD,,ug,669f5b8e7004b579f4304ff9
669f5b8e7004b579f4304ffa,"DRIEMS Institute of Health Sciences and Hospital, Kairapari",,,,IN,,Odisha,OD,,ug,669f5b8e7004b579f4304ffa
669f5b8e7004b579f4304ffb,"Government Medical College, Machilipatnam",,,,IN,,Andhra Pradesh,AP,,ug,669f5b8e7004b579f4304ffb
669f5b8e7004b579f4304ffc,"Government Medical College, Rajamahendravaram",,,,IN,,Andhra Pradesh,AP,,ug,669f5b8e7004b579f4304ffc
669f5b8e7004b579f4304ffd,"Government Medical College, Eluru",,,,IN,,Andhra Pradesh,AP,,ug,669f5b8e7004b579f4304ffd
669f5b8e7004b579f4304ffe,"Government Medical College, Nandyal",,,,IN,,Andhra Pradesh,AP,,ug,669f5b8e7004b579f4304ffe
669f5b8e7004b579f4304fff,"Government Medical College, Vizianagaram",,,,IN,,Andhra Pradesh,AP,,ug,669f5b8e7004b579f4304fff
669f5b8e7004b579f4305000,Nalbari Medical College and Hospital,,,,IN,,Assam,AS,,ug,669f5b8e7004b579f4305000
669f5b8e7004b579f4305001,"SAL Institute of Medical Sciences, Ahmedabad",,,,IN,,Gujarat,GJ,,ug,669f5b8e7004b579f4305001
669f5b8e7004b579f4305002,Swaminayaran Institute of Medical Sciences & Research,,,,IN,,Gujarat,GJ,,ug,669f5b8e7004b579f4305002
669f5b8e7004b579f4305003,Ananya College of Medicine & Research,,,,IN,,Gujarat,GJ,,ug,669f5b8e7004b579f4305003
669f5b8e7004b579f4305004,"Maharishi Markandeshwar College of Medical Sciences & Research, Sadopur",,,,IN,,Haryana,HR,,ug,669f5b8e7004b579f4305004
669f5b8e7004b579f4305005,"Amrita School of Medicine, Faridabad",,,,IN,,Haryana,HR,,ug,669f5b8e7004b579f4305005
669f5b8e7004b579f4305006,"Government Medical College, Udhampur",,,,IN,,Jammu and Kashmir,JK,,ug,669f5b8e7004b579f4305006
669f5b8e7004b579f4305007,"Government Medical College, Handwara",,,,IN,,Jammu and Kashmir,JK,,ug,669f5b8e7004b579f4305007
669f5b8e7004b579f4305008,Chitradurga Medical College and Research Institute,,,,IN,,Karnataka,KA,,ug,669f5b8e7004b579f4305008
669f5b8e7004b579f4305009,Sri Madhusudan Sai Institute of Medical Sciences and Research,,,,IN,,Karnataka,KA,,ug,669f5b8e7004b579f4305009
669f5b8e7004b579f430500a,Sri Chamundeshwari Medical College Hospital & Research Institute,,,,IN,,Karnataka,KA,,ug,669f5b8e7004b579f430500a
669f5b8e7004b579f430500b,"Government Medical College, Satna",,,,IN,,Madhya Pradesh,MP,,ug,669f5b8e7004b579f430500b
669f5b8e7004b579f430500c,"Mahatma Gandhi Mission Medical College, Vashi",,,,IN,,Maharashtra,MH,,ug,669f5b8e7004b579f430500c
669f5b8e7004b579f430500d,"Government Medical college and District Hospital, Ratnagiri",,,,IN,,Maharashtra,MH,,ug,669f5b8e7004b579f430500d
669f5b8f7004b579f430500e,"Parbhani Medical College, Parbhani",,,,IN,,Maharashtra,MH,,ug,669f5b8f7004b579f430500e
669f5b8f7004b579f430500f,"Dr. Rajdendra Gode Medical College, Amravati",,,,IN,,Maharashtra,MH,,ug,669f5b8f7004b579f430500f
669f5b8f7004b579f4305010,"Government Medical College, Dausa",,,,IN,,Rajasthan,RJ,,ug,669f5b8f7004b579f4305010
669f5b8f7004b579f4305011,"Government Medical College, Karauli",,,,IN,,Rajasthan,RJ,,ug,669f5b8f7004b579f4305011
669f5b8f7004b579f4305012,"Government Medical College, Alwar",,,,IN,,Rajasthan,RJ,,ug,669f5b8f7004b579f4305012
669f5b8f7004b579f4305013,"Government Medical College, Bundi",,,,IN,,Rajasthan,RJ,,ug,669f5b8f7004b579f4305013
669f5b8f7004b579f4305014,"Government Medical College, Hanumangarh",,,,IN,,Rajasthan,RJ,,ug,669f5b8f7004b579f4305014
669f5b8f7004b579f4305015,Nandha Medical College & Hospital Erode,,,,IN,,Tamil Nadu,TN,,ug,669f5b8f7004b579f4305015
669f5b8f7004b579f4305016,"Dhanalakshmi Srinivasan Institute of Medical Sciences and Hospital,",,,,IN,,Tamil Nadu,TN,,ug,669f5b8f7004b579f4305016
669f5b8f7004b579f4305017,PSP Medical College Hospital and Research Institute,,,,IN,,Tamil Nadu,TN,,ug,669f5b8f7004b579f4305017
669f5b8f7004b579f4305018,"Government Medical College, Rajanna Sircilla",,,,IN,,Telangana,TS,,ug,669f5b8f7004b579f4305018
669f5b8f7004b579f4305019,"Government Medical College, Karimnagar",,,,IN,,Telangana,TS,,ug,669f5b8f7004b579f4305019
669f5b8f7004b579f430501a,"Government Medical College, Nirmal",,,,IN,,Telangana,TS,,ug,669f5b8f7004b579f430501a
669f5b8f7004b579f430501b,"Government Medical College, Khammam",,,,IN,,Telangana,TS,,ug,669f5b8f7004b579f430501b
669f5b8f7004b579f430501c,"Government Medical College, Vikarabad",,,,IN,,Telangana,TS,,ug,669f5b8f7004b579f430501c
669f5b8f7004b579f430501d,Government Medical College Jangaon,,,,IN,,Telangana,TS,,ug,669f5b8f7004b579f430501d
669f5b8f7004b579f430501e,"Government Medical College, Jayashankar Bhupalpally",,,,IN,,Telangana,TS,,ug,669f5b8f7004b579f430501e
669f5b8f7004b579f430501f,"Government Medical College, Kamareddy",,,,IN,,Telangana,TS,,ug,669f5b8f7004b579f430501f
669f5b8f7004b579f4305020,"Government Medical College, Kumuram Bheem Asifabad",,,,IN,,Telangana,TS,,ug,669f5b8f7004b579f4305020
669f5b8f7004b579f4305021,"Neelima Institute of Medical Sciences, Medchal",,,,IN,,Telangana,TS,,ug,669f5b8f7004b579f4305021
669f5b8f7004b579f4305022,CMR Institute of Medical Sciences,,,,IN,,Telangana,TS,,ug,669f5b8f7004b579f4305022
669f5b8f7004b579f4305023,Arundathi Institute of Medical Sciences,,,,IN,,Telangana,TS,,ug,669f5b8f7004b579f4305023
669f5b8f7004b579f4305024,SKS Hospital Medical College & Research Centre,,,,IN,,Uttar Pradesh,UP,,ug,669f5b8f7004b579f4305024
66cda183005b0f915b2bea30,"Sambharam Institute of Medical Sciences & Research, Kolar",,,,IN,,Karnataka,KA,,ug,66cda183005b0f915b2bea30